<?xml version="1.0"?>
<!--<!DOCTYPE metadata SYSTEM "http://www.esri.com/metadata/esriprof80.dtd">-->
<metadata xml:lang="en"><Esri><CreaDate>20110328</CreaDate><CreaTime>15362300</CreaTime><SyncOnce>TRUE</SyncOnce><DataProperties><lineage><Process ToolSource="C:\Program Files (x86)\ArcGIS\ArcToolbox\Toolboxes\Data Management Tools.tbx\DeleteField" Date="20110328" Time="152541">DeleteField preds ripURBAN;ripWATER;ripMINE preds</Process><Process ToolSource="C:\Program Files (x86)\ArcGIS\ArcToolbox\Toolboxes\Data Management Tools.tbx\DeleteField" Date="20110328" Time="153152">DeleteField preds ANGLEcat;air_min;upDist;h2oAreaKm2;h2oMINE;h2oGrazKm2 preds</Process><Process ToolSource="C:\Program Files (x86)\ArcGIS\ArcToolbox\Toolboxes\Data Management Tools.tbx\DeleteField" Date="20110328" Time="153259">DeleteField preds h2oAG;h2oWATER;locID;NEAR_ANGLE;NEAR_DIST;NEAR_FID;NEAR_X;NEAR_Y;netID;pid;ratio;rid;ripAG;ripMINE;ripWATER preds</Process><Process ToolSource="C:\Program Files (x86)\ArcGIS\ArcToolbox\Toolboxes\Data Management Tools.tbx\DeleteField" Date="20110328" Time="153332">DeleteField preds afvArea;Date_cat preds</Process></lineage></DataProperties><MetaID>{F3296473-8278-4929-BA02-00488A8CA8B7}</MetaID></Esri><idinfo><citation><citeinfo><onlink Sync="TRUE">\\MIS-EPETERS-ND\D$\projects\ssnpackage\docs\gistutorial\example_all\predsCopy</onlink></citeinfo></citation></idinfo><distInfo><distributor><distorTran><onLineSrc><linkage Sync="TRUE">file://\\MIS-EPETERS-ND\D$\projects\ssnpackage\docs\gistutorial\example_all\predsCopy</linkage><protocol Sync="TRUE">Local Area Network</protocol></onLineSrc></distorTran></distributor></distInfo><dataqual><lineage><procstep><procdesc Sync="TRUE">Dataset copied.</procdesc><srcused Sync="TRUE">D:\example_all\preds</srcused><procdate Sync="TRUE">20110314</procdate><proctime Sync="TRUE">16310900</proctime></procstep><procstep><procdesc Sync="TRUE">Dataset copied.</procdesc><srcused Sync="TRUE">D:\projects\ssnpackage\docs\gistutorial\example\preds</srcused><procdate Sync="TRUE">20110328</procdate><proctime Sync="TRUE">15362300</proctime></procstep></lineage></dataqual></metadata>
