<?xml version="1.0"?>
<!--<!DOCTYPE metadata SYSTEM "http://www.esri.com/metadata/esriprof80.dtd">-->
<metadata xml:lang="en"><Esri><CreaDate>20110328</CreaDate><CreaTime>15362300</CreaTime><SyncOnce>TRUE</SyncOnce><DataProperties><lineage><Process ToolSource="C:\Program Files (x86)\ArcGIS\ArcToolbox\Toolboxes\Data Management Tools.tbx\DeleteField" Date="20110328" Time="151615">DeleteField sites pH;DO;Turb;air_min;ANGLEcat sites</Process><Process ToolSource="C:\Program Files (x86)\ArcGIS\ArcToolbox\Toolboxes\Data Management Tools.tbx\DeleteField" Date="20110328" Time="152828">DeleteField sites NEAR_ANGLE;NEAR_DIST;NEAR_FID;NEAR_X;NEAR_Y sites</Process></lineage></DataProperties><MetaID>{9878F60A-F3E9-4DD2-AD6E-E7BF13EB415F}</MetaID></Esri><idinfo><citation><citeinfo><onlink Sync="TRUE">\\MIS-EPETERS-ND\D$\projects\ssnpackage\docs\gistutorial\example_all\sitesCopy</onlink></citeinfo></citation></idinfo><distInfo><distributor><distorTran><onLineSrc><linkage Sync="TRUE">file://\\MIS-EPETERS-ND\D$\projects\ssnpackage\docs\gistutorial\example_all\sitesCopy</linkage><protocol Sync="TRUE">Local Area Network</protocol></onLineSrc></distorTran></distributor></distInfo><dataqual><lineage><procstep><procdesc Sync="TRUE">Dataset copied.</procdesc><srcused Sync="TRUE">D:\example_all\sites</srcused><procdate Sync="TRUE">20110314</procdate><proctime Sync="TRUE">16310900</proctime></procstep><procstep><procdesc Sync="TRUE">Dataset copied.</procdesc><srcused Sync="TRUE">D:\projects\ssnpackage\docs\gistutorial\example\sites</srcused><procdate Sync="TRUE">20110328</procdate><proctime Sync="TRUE">15362300</proctime></procstep></lineage></dataqual></metadata>
