<?xml version="1.0"?>
<!--<!DOCTYPE metadata SYSTEM "http://www.esri.com/metadata/esriprof80.dtd">-->
<metadata xml:lang="en"><Esri><CreaDate>20110328</CreaDate><CreaTime>15362300</CreaTime><SyncOnce>TRUE</SyncOnce><MetaID>{D97AF62F-261E-495E-9CBE-497561744CC3}</MetaID></Esri><idinfo><citation><citeinfo><onlink Sync="TRUE">\\MIS-EPETERS-ND\D$\projects\ssnpackage\docs\gistutorial\example_all\streamsCopy</onlink></citeinfo></citation></idinfo><distInfo><distributor><distorTran><onLineSrc><linkage Sync="TRUE">file://\\MIS-EPETERS-ND\D$\projects\ssnpackage\docs\gistutorial\example_all\streamsCopy</linkage><protocol Sync="TRUE">Local Area Network</protocol></onLineSrc></distorTran></distributor></distInfo><dataqual><lineage><procstep><procdesc Sync="TRUE">Dataset copied.</procdesc><srcused Sync="TRUE">D:\example_all\streams</srcused><procdate Sync="TRUE">20110314</procdate><proctime Sync="TRUE">16313400</proctime></procstep><procstep><procdesc Sync="TRUE">Dataset copied.</procdesc><srcused Sync="TRUE">D:\projects\ssnpackage\docs\gistutorial\example\streams</srcused><procdate Sync="TRUE">20110328</procdate><proctime Sync="TRUE">15362300</proctime></procstep></lineage></dataqual></metadata>
