<?xml version="1.0"?>
<!--<!DOCTYPE metadata SYSTEM "http://www.esri.com/metadata/esriprof80.dtd">-->
<metadata xml:lang="en"><Esri><CreaDate>20110311</CreaDate><CreaTime>17184200</CreaTime><SyncOnce>TRUE</SyncOnce><MetaID>{AC352D80-BE8A-4A25-A46A-555781D5CC45}</MetaID></Esri><idinfo><citation><citeinfo><onlink Sync="TRUE">\\MIS-EPETER-SL\E\GIS\FINAL\example_all2\dem</onlink></citeinfo></citation></idinfo><distInfo><distributor><distorTran><onLineSrc><linkage Sync="TRUE">file://\\MIS-EPETER-SL\E\GIS\FINAL\example_all2\dem</linkage><protocol Sync="TRUE">Local Area Network</protocol></onLineSrc></distorTran></distributor></distInfo><dataqual><lineage><procstep><procdesc Sync="TRUE">Dataset copied.</procdesc><srcused Sync="TRUE">E:\GIS\example100311\dem</srcused><procdate Sync="TRUE">20110310</procdate><proctime Sync="TRUE">15252300</proctime></procstep><procstep><procdesc Sync="TRUE">Dataset copied.</procdesc><srcused Sync="TRUE">E:\GIS\FINAL\example\dem</srcused><procdate Sync="TRUE">20110311</procdate><proctime Sync="TRUE">15134200</proctime></procstep><procstep><procdesc Sync="TRUE">Dataset copied.</procdesc><srcused Sync="TRUE">E:\GIS\FINAL\example2\dem</srcused><procdate Sync="TRUE">20110311</procdate><proctime Sync="TRUE">17184200</proctime></procstep></lineage></dataqual></metadata>
