<?xml version="1.0"?>
<!--<!DOCTYPE metadata SYSTEM "http://www.esri.com/metadata/esriprof80.dtd">-->
<metadata xml:lang="en"><Esri><CreaDate>20110313</CreaDate><CreaTime>14594200</CreaTime><SyncOnce>FALSE</SyncOnce><SyncDate>20110313</SyncDate><SyncTime>16564100</SyncTime><ModDate>20110313</ModDate><ModTime>16564100</ModTime><DataProperties><lineage><Process Name="Clip_4" ToolSource="C:\Program Files (x86)\ArcGIS\ArcToolbox\Toolboxes\Analysis Tools.tbx\Clip" Date="20090810" Time="100813">Clip "wtstrm400 arc" wet_buf_alb d:\projects\spatpred\gisdata\scdata\wetstrms2.shp #</Process><Process ToolSource="C:\Program Files (x86)\ArcGIS\ArcToolbox\Toolboxes\Data Management Tools.tbx\CopyFeatures" Date="20090812" Time="143655">CopyFeatures D:\projects\spatpred\gisdata\streams\wtstrms3.shp D:\projects\spatpred\gisdata\lsn6\lsn6.mdb\edges # 0 0 0</Process><Process ToolSource="C:\Program Files (x86)\ArcGIS\ArcToolbox\Toolboxes\Data Management Tools.tbx\AddField" Date="20090812" Time="143656">AddField D:\projects\spatpred\gisdata\lsn6\lsn6.mdb\edges rid LONG 12 12 # # NULLABLE NON_REQUIRED # D:\projects\spatpred\gisdata\lsn6\lsn6.mdb\edges</Process><Process ToolSource="C:\Program Files (x86)\ArcGIS\ArcToolbox\Toolboxes\Data Management Tools.tbx\CalculateField" Date="20090812" Time="143705">CalculateField D:\projects\spatpred\gisdata\lsn6\lsn6.mdb\edges rid "[OBJECTID] - 1" VB # D:\projects\spatpred\gisdata\lsn6\lsn6.mdb\edges</Process><Process ToolSource="C:\Program Files (x86)\ArcGIS\ArcToolbox\Toolboxes\Data Management Tools.tbx\CopyFeatures" Date="20091007" Time="172331">CopyFeatures D:\projects\spatpred\gisdata\lsns\strms.shp D:\projects\spatpred\gisdata\lsns\lsn12\lsn12.mdb\edges # 0 0 0</Process><Process ToolSource="C:\Program Files (x86)\ArcGIS\ArcToolbox\Toolboxes\Data Management Tools.tbx\AddField" Date="20091007" Time="172331">AddField D:\projects\spatpred\gisdata\lsns\lsn12\lsn12.mdb\edges rid LONG 12 12 # # NULLABLE NON_REQUIRED # D:\projects\spatpred\gisdata\lsns\lsn12\lsn12.mdb\edges</Process><Process ToolSource="C:\Program Files (x86)\ArcGIS\ArcToolbox\Toolboxes\Data Management Tools.tbx\CalculateField" Date="20091007" Time="172341">CalculateField D:\projects\spatpred\gisdata\lsns\lsn12\lsn12.mdb\edges rid "[OBJECTID] - 1" VB # D:\projects\spatpred\gisdata\lsns\lsn12\lsn12.mdb\edges</Process><Process Name="SimplifyLine_1" ToolSource="C:\Program Files (x86)\ArcGIS\ArcToolbox\Toolboxes\Data Management Tools.tbx\SimplifyLine" Date="20100114" Time="150027">SimplifyLine strms011410 D:\projects\spatpred\gisdata\streams\strms011410_SimplifyLine.shp POINT_REMOVE "0.001 Meters" FLAG_ERRORS KEEP_COLLAPSED_POINTS CHECK D:\projects\spatpred\gisdata\streams\strms011410_SimplifyLine_Pnt.shp</Process><Process ToolSource="C:\Program Files (x86)\ArcGIS\ArcToolbox\Toolboxes\Data Management Tools.tbx\CopyFeatures" Date="20100219" Time="124922">CopyFeatures D:\projects\spatpred\gisdata\lsns\strms021910.shp D:\projects\spatpred\gisdata\lsns\lsn23\lsn23.mdb\edges # 0 0 0</Process><Process ToolSource="C:\Program Files (x86)\ArcGIS\ArcToolbox\Toolboxes\Data Management Tools.tbx\AddField" Date="20100219" Time="124922">AddField D:\projects\spatpred\gisdata\lsns\lsn23\lsn23.mdb\edges rid LONG 12 12 # # NULLABLE NON_REQUIRED # D:\projects\spatpred\gisdata\lsns\lsn23\lsn23.mdb\edges</Process><Process ToolSource="C:\Program Files (x86)\ArcGIS\ArcToolbox\Toolboxes\Data Management Tools.tbx\CalculateField" Date="20100219" Time="124930">CalculateField D:\projects\spatpred\gisdata\lsns\lsn23\lsn23.mdb\edges rid "[OBJECTID] - 1" VB # D:\projects\spatpred\gisdata\lsns\lsn23\lsn23.mdb\edges</Process><Process ToolSource="C:\Program Files (x86)\ArcGIS\ArcToolbox\Toolboxes\Data Management Tools.tbx\CopyFeatures" Date="20110312" Time="134832">CopyFeatures D:\projects\andrew2\gisdata\files031211\example_all\streams.shp D:\projects\andrew2\gisdata\files031211\example_all\lsn\lsn.mdb\edges # 0 0 0</Process><Process ToolSource="C:\Program Files (x86)\ArcGIS\ArcToolbox\Toolboxes\Data Management Tools.tbx\AddField" Date="20110312" Time="134832">AddField D:\projects\andrew2\gisdata\files031211\example_all\lsn\lsn.mdb\edges rid LONG 12 12 # # NULLABLE NON_REQUIRED # D:\projects\andrew2\gisdata\files031211\example_all\lsn\lsn.mdb\edges</Process><Process ToolSource="C:\Program Files (x86)\ArcGIS\ArcToolbox\Toolboxes\Data Management Tools.tbx\CalculateField" Date="20110312" Time="134832">CalculateField D:\projects\andrew2\gisdata\files031211\example_all\lsn\lsn.mdb\edges rid "[OBJECTID] - 1" VB # D:\projects\andrew2\gisdata\files031211\example_all\lsn\lsn.mdb\edges</Process><Process ToolSource="C:\Program Files (x86)\ArcGIS\ArcToolbox\Toolboxes\Data Management Tools.tbx\AddField" Date="20110312" Time="151135">AddField edges h2oGrazeKm2 DOUBLE # # # # NULLABLE NON_REQUIRED # edges</Process><Process ToolSource="C:\Program Files (x86)\ArcGIS\ArcToolbox\Toolboxes\Data Management Tools.tbx\SelectLayerByAttribute" Date="20110312" Time="151136">SelectLayerByAttribute edges ADD_TO_SELECTION "rcaGrazeKm2 IS NOT NULL" edges</Process><Process ToolSource="C:\Program Files (x86)\ArcGIS\ArcToolbox\Toolboxes\Data Management Tools.tbx\CalculateField" Date="20110312" Time="151136">CalculateField edges h2oGrazeKm2 [rcaGrazeKm2] VB # edges</Process><Process ToolSource="C:\Program Files (x86)\ArcGIS\ArcToolbox\Toolboxes\Data Management Tools.tbx\SelectLayerByAttribute" Date="20110312" Time="151136">SelectLayerByAttribute edges CLEAR_SELECTION # edges</Process><Process ToolSource="C:\Program Files (x86)\ArcGIS\ArcToolbox\Toolboxes\Data Management Tools.tbx\AddField" Date="20110312" Time="152631">AddField edges upDist DOUBLE # # # # NULLABLE NON_REQUIRED # edges</Process><Process ToolSource="C:\Program Files (x86)\ArcGIS\ArcToolbox\Toolboxes\Data Management Tools.tbx\SelectLayerByAttribute" Date="20110312" Time="152631">SelectLayerByAttribute edgeLyr ADD_TO_SELECTION "Shape_Length IS NOT NULL" edgeLyr</Process><Process ToolSource="C:\Program Files (x86)\ArcGIS\ArcToolbox\Toolboxes\Data Management Tools.tbx\CalculateField" Date="20110312" Time="152631">CalculateField edgeLyr upDist [Shape_Length] VB # edgeLyr</Process><Process ToolSource="C:\Program Files (x86)\ArcGIS\ArcToolbox\Toolboxes\Data Management Tools.tbx\SelectLayerByAttribute" Date="20110312" Time="152631">SelectLayerByAttribute edgeLyr CLEAR_SELECTION # edgeLyr</Process><Process ToolSource="C:\Program Files (x86)\ArcGIS\ArcToolbox\Toolboxes\Data Management Tools.tbx\AddField" Date="20110312" Time="152840">AddField edges h2oAreaKm2 DOUBLE # # # # NULLABLE NON_REQUIRED # edges</Process><Process ToolSource="C:\Program Files (x86)\ArcGIS\ArcToolbox\Toolboxes\Data Management Tools.tbx\SelectLayerByAttribute" Date="20110312" Time="152841">SelectLayerByAttribute edges ADD_TO_SELECTION "rcaAreaKm2 IS NOT NULL" edges</Process><Process ToolSource="C:\Program Files (x86)\ArcGIS\ArcToolbox\Toolboxes\Data Management Tools.tbx\CalculateField" Date="20110312" Time="152841">CalculateField edges h2oAreaKm2 [rcaAreaKm2] VB # edges</Process><Process ToolSource="C:\Program Files (x86)\ArcGIS\ArcToolbox\Toolboxes\Data Management Tools.tbx\SelectLayerByAttribute" Date="20110312" Time="152841">SelectLayerByAttribute edges CLEAR_SELECTION # edges</Process><Process ToolSource="C:\Program Files (x86)\ArcGIS\ArcToolbox\Toolboxes\Data Management Tools.tbx\AddField" Date="20110312" Time="152927">AddField edges areaPI DOUBLE # # # # NULLABLE NON_REQUIRED # edges</Process><Process ToolSource="C:\Program Files (x86)\ArcGIS\ArcToolbox\Toolboxes\Data Management Tools.tbx\AddField" Date="20110312" Time="153112">AddField edges afvArea DOUBLE # # # # NULLABLE NON_REQUIRED # edges</Process><Process ToolSource="C:\Program Files (x86)\ArcGIS\ArcToolbox\Toolboxes\Data Management Tools.tbx\SelectLayerByAttribute" Date="20110312" Time="153113">SelectLayerByAttribute edgeLyr ADD_TO_SELECTION "areaPI IS NOT NULL" edgeLyr</Process><Process ToolSource="C:\Program Files (x86)\ArcGIS\ArcToolbox\Toolboxes\Data Management Tools.tbx\CalculateField" Date="20110312" Time="153113">CalculateField edgeLyr afvArea [areaPI] VB # edgeLyr</Process><Process ToolSource="C:\Program Files (x86)\ArcGIS\ArcToolbox\Toolboxes\Data Management Tools.tbx\SelectLayerByAttribute" Date="20110312" Time="153113">SelectLayerByAttribute edgeLyr CLEAR_SELECTION # edgeLyr</Process><Process ToolSource="C:\Program Files (x86)\ArcGIS\ArcToolbox\Toolboxes\Data Management Tools.tbx\AddField" Date="20110312" Time="154617">AddField d:\example\lsn\lsn.mdb\edges urb DOUBLE # # # # NULLABLE NON_REQUIRED # d:\example\lsn\lsn.mdb\edges</Process><Process ToolSource="C:\Program Files (x86)\ArcGIS\ArcToolbox\Toolboxes\Data Management Tools.tbx\RemoveJoin" Date="20110312" Time="154618">RemoveJoin templyr rcaUrb templyr</Process><Process ToolSource="C:\Program Files (x86)\ArcGIS\ArcToolbox\Toolboxes\Data Management Tools.tbx\SelectLayerByAttribute" Date="20110312" Time="154618">SelectLayerByAttribute templyr SWITCH_SELECTION # templyr</Process><Process ToolSource="C:\Program Files (x86)\ArcGIS\ArcToolbox\Toolboxes\Data Management Tools.tbx\CalculateField" Date="20110312" Time="154618">CalculateField templyr urb 0 VB # templyr</Process><Process ToolSource="C:\Program Files (x86)\ArcGIS\ArcToolbox\Toolboxes\Data Management Tools.tbx\SelectLayerByAttribute" Date="20110312" Time="154618">SelectLayerByAttribute templyr CLEAR_SELECTION # templyr</Process><Process ToolSource="C:\Program Files (x86)\ArcGIS\ArcToolbox\Toolboxes\Data Management Tools.tbx\AddField" Date="20110312" Time="154619">AddField d:\example\lsn\lsn.mdb\edges water DOUBLE # # # # NULLABLE NON_REQUIRED # d:\example\lsn\lsn.mdb\edges</Process><Process ToolSource="C:\Program Files (x86)\ArcGIS\ArcToolbox\Toolboxes\Data Management Tools.tbx\RemoveJoin" Date="20110312" Time="154620">RemoveJoin templyr rcaWater templyr</Process><Process ToolSource="C:\Program Files (x86)\ArcGIS\ArcToolbox\Toolboxes\Data Management Tools.tbx\SelectLayerByAttribute" Date="20110312" Time="154620">SelectLayerByAttribute templyr SWITCH_SELECTION # templyr</Process><Process ToolSource="C:\Program Files (x86)\ArcGIS\ArcToolbox\Toolboxes\Data Management Tools.tbx\CalculateField" Date="20110312" Time="154620">CalculateField templyr water 0 VB # templyr</Process><Process ToolSource="C:\Program Files (x86)\ArcGIS\ArcToolbox\Toolboxes\Data Management Tools.tbx\SelectLayerByAttribute" Date="20110312" Time="154620">SelectLayerByAttribute templyr CLEAR_SELECTION # templyr</Process><Process ToolSource="C:\Program Files (x86)\ArcGIS\ArcToolbox\Toolboxes\Data Management Tools.tbx\AddField" Date="20110312" Time="155006">AddField d:\example\lsn\lsn.mdb\edges rcaUrbKm2 DOUBLE # # # # NULLABLE NON_REQUIRED # d:\example\lsn\lsn.mdb\edges</Process><Process ToolSource="C:\Program Files (x86)\ArcGIS\ArcToolbox\Toolboxes\Data Management Tools.tbx\RemoveJoin" Date="20110312" Time="155007">RemoveJoin templyr rcaUrb templyr</Process><Process ToolSource="C:\Program Files (x86)\ArcGIS\ArcToolbox\Toolboxes\Data Management Tools.tbx\SelectLayerByAttribute" Date="20110312" Time="155007">SelectLayerByAttribute templyr SWITCH_SELECTION # templyr</Process><Process ToolSource="C:\Program Files (x86)\ArcGIS\ArcToolbox\Toolboxes\Data Management Tools.tbx\CalculateField" Date="20110312" Time="155007">CalculateField templyr rcaUrbKm2 0 VB # templyr</Process><Process ToolSource="C:\Program Files (x86)\ArcGIS\ArcToolbox\Toolboxes\Data Management Tools.tbx\SelectLayerByAttribute" Date="20110312" Time="155007">SelectLayerByAttribute templyr CLEAR_SELECTION # templyr</Process><Process ToolSource="C:\Program Files (x86)\ArcGIS\ArcToolbox\Toolboxes\Data Management Tools.tbx\AddField" Date="20110312" Time="155009">AddField d:\example\lsn\lsn.mdb\edges rcaWatKm2 DOUBLE # # # # NULLABLE NON_REQUIRED # d:\example\lsn\lsn.mdb\edges</Process><Process ToolSource="C:\Program Files (x86)\ArcGIS\ArcToolbox\Toolboxes\Data Management Tools.tbx\RemoveJoin" Date="20110312" Time="155009">RemoveJoin templyr rcaWater templyr</Process><Process ToolSource="C:\Program Files (x86)\ArcGIS\ArcToolbox\Toolboxes\Data Management Tools.tbx\SelectLayerByAttribute" Date="20110312" Time="155009">SelectLayerByAttribute templyr SWITCH_SELECTION # templyr</Process><Process ToolSource="C:\Program Files (x86)\ArcGIS\ArcToolbox\Toolboxes\Data Management Tools.tbx\CalculateField" Date="20110312" Time="155009">CalculateField templyr rcaWatKm2 0 VB # templyr</Process><Process ToolSource="C:\Program Files (x86)\ArcGIS\ArcToolbox\Toolboxes\Data Management Tools.tbx\SelectLayerByAttribute" Date="20110312" Time="155010">SelectLayerByAttribute templyr CLEAR_SELECTION # templyr</Process><Process ToolSource="C:\Program Files (x86)\ArcGIS\ArcToolbox\Toolboxes\Data Management Tools.tbx\AddField" Date="20110312" Time="155011">AddField d:\example\lsn\lsn.mdb\edges rcaMineKm2 DOUBLE # # # # NULLABLE NON_REQUIRED # d:\example\lsn\lsn.mdb\edges</Process><Process ToolSource="C:\Program Files (x86)\ArcGIS\ArcToolbox\Toolboxes\Data Management Tools.tbx\RemoveJoin" Date="20110312" Time="155011">RemoveJoin templyr rcaMining templyr</Process><Process ToolSource="C:\Program Files (x86)\ArcGIS\ArcToolbox\Toolboxes\Data Management Tools.tbx\SelectLayerByAttribute" Date="20110312" Time="155011">SelectLayerByAttribute templyr SWITCH_SELECTION # templyr</Process><Process ToolSource="C:\Program Files (x86)\ArcGIS\ArcToolbox\Toolboxes\Data Management Tools.tbx\CalculateField" Date="20110312" Time="155011">CalculateField templyr rcaMineKm2 0 VB # templyr</Process><Process ToolSource="C:\Program Files (x86)\ArcGIS\ArcToolbox\Toolboxes\Data Management Tools.tbx\SelectLayerByAttribute" Date="20110312" Time="155012">SelectLayerByAttribute templyr CLEAR_SELECTION # templyr</Process><Process ToolSource="C:\Program Files (x86)\ArcGIS\ArcToolbox\Toolboxes\Data Management Tools.tbx\AddField" Date="20110312" Time="160252">AddField d:\example\lsn\lsn.mdb\edges rrUrbKm2 DOUBLE # # # # NULLABLE NON_REQUIRED # d:\example\lsn\lsn.mdb\edges</Process><Process ToolSource="C:\Program Files (x86)\ArcGIS\ArcToolbox\Toolboxes\Data Management Tools.tbx\RemoveJoin" Date="20110312" Time="160252">RemoveJoin templyr ripUrb templyr</Process><Process ToolSource="C:\Program Files (x86)\ArcGIS\ArcToolbox\Toolboxes\Data Management Tools.tbx\SelectLayerByAttribute" Date="20110312" Time="160252">SelectLayerByAttribute templyr SWITCH_SELECTION # templyr</Process><Process ToolSource="C:\Program Files (x86)\ArcGIS\ArcToolbox\Toolboxes\Data Management Tools.tbx\CalculateField" Date="20110312" Time="160253">CalculateField templyr rrUrbKm2 0 VB # templyr</Process><Process ToolSource="C:\Program Files (x86)\ArcGIS\ArcToolbox\Toolboxes\Data Management Tools.tbx\SelectLayerByAttribute" Date="20110312" Time="160253">SelectLayerByAttribute templyr CLEAR_SELECTION # templyr</Process><Process ToolSource="C:\Program Files (x86)\ArcGIS\ArcToolbox\Toolboxes\Data Management Tools.tbx\AddField" Date="20110312" Time="160254">AddField d:\example\lsn\lsn.mdb\edges rrWatKm2 DOUBLE # # # # NULLABLE NON_REQUIRED # d:\example\lsn\lsn.mdb\edges</Process><Process ToolSource="C:\Program Files (x86)\ArcGIS\ArcToolbox\Toolboxes\Data Management Tools.tbx\RemoveJoin" Date="20110312" Time="160254">RemoveJoin templyr ripWater templyr</Process><Process ToolSource="C:\Program Files (x86)\ArcGIS\ArcToolbox\Toolboxes\Data Management Tools.tbx\SelectLayerByAttribute" Date="20110312" Time="160255">SelectLayerByAttribute templyr SWITCH_SELECTION # templyr</Process><Process ToolSource="C:\Program Files (x86)\ArcGIS\ArcToolbox\Toolboxes\Data Management Tools.tbx\CalculateField" Date="20110312" Time="160255">CalculateField templyr rrWatKm2 0 VB # templyr</Process><Process ToolSource="C:\Program Files (x86)\ArcGIS\ArcToolbox\Toolboxes\Data Management Tools.tbx\SelectLayerByAttribute" Date="20110312" Time="160255">SelectLayerByAttribute templyr CLEAR_SELECTION # templyr</Process><Process ToolSource="C:\Program Files (x86)\ArcGIS\ArcToolbox\Toolboxes\Data Management Tools.tbx\AddField" Date="20110312" Time="160256">AddField d:\example\lsn\lsn.mdb\edges rrMineKm2 DOUBLE # # # # NULLABLE NON_REQUIRED # d:\example\lsn\lsn.mdb\edges</Process><Process ToolSource="C:\Program Files (x86)\ArcGIS\ArcToolbox\Toolboxes\Data Management Tools.tbx\RemoveJoin" Date="20110312" Time="160256">RemoveJoin templyr ripMining templyr</Process><Process ToolSource="C:\Program Files (x86)\ArcGIS\ArcToolbox\Toolboxes\Data Management Tools.tbx\SelectLayerByAttribute" Date="20110312" Time="160257">SelectLayerByAttribute templyr SWITCH_SELECTION # templyr</Process><Process ToolSource="C:\Program Files (x86)\ArcGIS\ArcToolbox\Toolboxes\Data Management Tools.tbx\CalculateField" Date="20110312" Time="160257">CalculateField templyr rrMineKm2 0 VB # templyr</Process><Process ToolSource="C:\Program Files (x86)\ArcGIS\ArcToolbox\Toolboxes\Data Management Tools.tbx\SelectLayerByAttribute" Date="20110312" Time="160257">SelectLayerByAttribute templyr CLEAR_SELECTION # templyr</Process><Process ToolSource="C:\Program Files (x86)\ArcGIS\ArcToolbox\Toolboxes\Data Management Tools.tbx\AddField" Date="20110312" Time="160258">AddField d:\example\lsn\lsn.mdb\edges rrAgKm2 DOUBLE # # # # NULLABLE NON_REQUIRED # d:\example\lsn\lsn.mdb\edges</Process><Process ToolSource="C:\Program Files (x86)\ArcGIS\ArcToolbox\Toolboxes\Data Management Tools.tbx\RemoveJoin" Date="20110312" Time="160259">RemoveJoin templyr ripAg templyr</Process><Process ToolSource="C:\Program Files (x86)\ArcGIS\ArcToolbox\Toolboxes\Data Management Tools.tbx\SelectLayerByAttribute" Date="20110312" Time="160259">SelectLayerByAttribute templyr SWITCH_SELECTION # templyr</Process><Process ToolSource="C:\Program Files (x86)\ArcGIS\ArcToolbox\Toolboxes\Data Management Tools.tbx\CalculateField" Date="20110312" Time="160259">CalculateField templyr rrAgKm2 0 VB # templyr</Process><Process ToolSource="C:\Program Files (x86)\ArcGIS\ArcToolbox\Toolboxes\Data Management Tools.tbx\SelectLayerByAttribute" Date="20110312" Time="160259">SelectLayerByAttribute templyr CLEAR_SELECTION # templyr</Process><Process ToolSource="C:\Program Files (x86)\ArcGIS\ArcToolbox\Toolboxes\Data Management Tools.tbx\AddField" Date="20110312" Time="160300">AddField d:\example\lsn\lsn.mdb\edges rrForKm2 DOUBLE # # # # NULLABLE NON_REQUIRED # d:\example\lsn\lsn.mdb\edges</Process><Process ToolSource="C:\Program Files (x86)\ArcGIS\ArcToolbox\Toolboxes\Data Management Tools.tbx\RemoveJoin" Date="20110312" Time="160301">RemoveJoin templyr ripFor templyr</Process><Process ToolSource="C:\Program Files (x86)\ArcGIS\ArcToolbox\Toolboxes\Data Management Tools.tbx\SelectLayerByAttribute" Date="20110312" Time="160301">SelectLayerByAttribute templyr SWITCH_SELECTION # templyr</Process><Process ToolSource="C:\Program Files (x86)\ArcGIS\ArcToolbox\Toolboxes\Data Management Tools.tbx\CalculateField" Date="20110312" Time="160301">CalculateField templyr rrForKm2 0 VB # templyr</Process><Process ToolSource="C:\Program Files (x86)\ArcGIS\ArcToolbox\Toolboxes\Data Management Tools.tbx\SelectLayerByAttribute" Date="20110312" Time="160301">SelectLayerByAttribute templyr CLEAR_SELECTION # templyr</Process><Process ToolSource="C:\Program Files (x86)\ArcGIS\ArcToolbox\Toolboxes\Data Management Tools.tbx\AddField" Date="20110312" Time="160302">AddField d:\example\lsn\lsn.mdb\edges rrGrzKm2 DOUBLE # # # # NULLABLE NON_REQUIRED # d:\example\lsn\lsn.mdb\edges</Process><Process ToolSource="C:\Program Files (x86)\ArcGIS\ArcToolbox\Toolboxes\Data Management Tools.tbx\RemoveJoin" Date="20110312" Time="160303">RemoveJoin templyr ripGrz templyr</Process><Process ToolSource="C:\Program Files (x86)\ArcGIS\ArcToolbox\Toolboxes\Data Management Tools.tbx\SelectLayerByAttribute" Date="20110312" Time="160303">SelectLayerByAttribute templyr SWITCH_SELECTION # templyr</Process><Process ToolSource="C:\Program Files (x86)\ArcGIS\ArcToolbox\Toolboxes\Data Management Tools.tbx\CalculateField" Date="20110312" Time="160303">CalculateField templyr rrGrzKm2 0 VB # templyr</Process><Process ToolSource="C:\Program Files (x86)\ArcGIS\ArcToolbox\Toolboxes\Data Management Tools.tbx\SelectLayerByAttribute" Date="20110312" Time="160304">SelectLayerByAttribute templyr CLEAR_SELECTION # templyr</Process><Process ToolSource="C:\Program Files (x86)\ArcGIS\ArcToolbox\Toolboxes\Data Management Tools.tbx\DeleteField" Date="20110312" Time="160416">DeleteField d:\example\lsn\lsn.mdb\edges rcaMineKm2 d:\example\lsn\lsn.mdb\edges</Process><Process ToolSource="C:\Program Files (x86)\ArcGIS\ArcToolbox\Toolboxes\Data Management Tools.tbx\AddField" Date="20110312" Time="160416">AddField d:\example\lsn\lsn.mdb\edges rcaMineKm2 DOUBLE # # # # NULLABLE NON_REQUIRED # d:\example\lsn\lsn.mdb\edges</Process><Process ToolSource="C:\Program Files (x86)\ArcGIS\ArcToolbox\Toolboxes\Data Management Tools.tbx\RemoveJoin" Date="20110312" Time="160417">RemoveJoin templyr rcaMining templyr</Process><Process ToolSource="C:\Program Files (x86)\ArcGIS\ArcToolbox\Toolboxes\Data Management Tools.tbx\SelectLayerByAttribute" Date="20110312" Time="160417">SelectLayerByAttribute templyr SWITCH_SELECTION # templyr</Process><Process ToolSource="C:\Program Files (x86)\ArcGIS\ArcToolbox\Toolboxes\Data Management Tools.tbx\CalculateField" Date="20110312" Time="160417">CalculateField templyr rcaMineKm2 0 VB # templyr</Process><Process ToolSource="C:\Program Files (x86)\ArcGIS\ArcToolbox\Toolboxes\Data Management Tools.tbx\SelectLayerByAttribute" Date="20110312" Time="160417">SelectLayerByAttribute templyr CLEAR_SELECTION # templyr</Process><Process ToolSource="C:\Program Files (x86)\ArcGIS\ArcToolbox\Toolboxes\Data Management Tools.tbx\AddField" Date="20110312" Time="160418">AddField d:\example\lsn\lsn.mdb\edges rcaAgKm2 DOUBLE # # # # NULLABLE NON_REQUIRED # d:\example\lsn\lsn.mdb\edges</Process><Process ToolSource="C:\Program Files (x86)\ArcGIS\ArcToolbox\Toolboxes\Data Management Tools.tbx\RemoveJoin" Date="20110312" Time="160419">RemoveJoin templyr rcaAg templyr</Process><Process ToolSource="C:\Program Files (x86)\ArcGIS\ArcToolbox\Toolboxes\Data Management Tools.tbx\SelectLayerByAttribute" Date="20110312" Time="160419">SelectLayerByAttribute templyr SWITCH_SELECTION # templyr</Process><Process ToolSource="C:\Program Files (x86)\ArcGIS\ArcToolbox\Toolboxes\Data Management Tools.tbx\CalculateField" Date="20110312" Time="160419">CalculateField templyr rcaAgKm2 0 VB # templyr</Process><Process ToolSource="C:\Program Files (x86)\ArcGIS\ArcToolbox\Toolboxes\Data Management Tools.tbx\SelectLayerByAttribute" Date="20110312" Time="160419">SelectLayerByAttribute templyr CLEAR_SELECTION # templyr</Process><Process ToolSource="C:\Program Files (x86)\ArcGIS\ArcToolbox\Toolboxes\Data Management Tools.tbx\AddField" Date="20110312" Time="160420">AddField d:\example\lsn\lsn.mdb\edges rcaForKm2 DOUBLE # # # # NULLABLE NON_REQUIRED # d:\example\lsn\lsn.mdb\edges</Process><Process ToolSource="C:\Program Files (x86)\ArcGIS\ArcToolbox\Toolboxes\Data Management Tools.tbx\RemoveJoin" Date="20110312" Time="160421">RemoveJoin templyr rcaFor templyr</Process><Process ToolSource="C:\Program Files (x86)\ArcGIS\ArcToolbox\Toolboxes\Data Management Tools.tbx\SelectLayerByAttribute" Date="20110312" Time="160421">SelectLayerByAttribute templyr SWITCH_SELECTION # templyr</Process><Process ToolSource="C:\Program Files (x86)\ArcGIS\ArcToolbox\Toolboxes\Data Management Tools.tbx\CalculateField" Date="20110312" Time="160421">CalculateField templyr rcaForKm2 0 VB # templyr</Process><Process ToolSource="C:\Program Files (x86)\ArcGIS\ArcToolbox\Toolboxes\Data Management Tools.tbx\SelectLayerByAttribute" Date="20110312" Time="160422">SelectLayerByAttribute templyr CLEAR_SELECTION # templyr</Process><Process ToolSource="C:\Program Files (x86)\ArcGIS\ArcToolbox\Toolboxes\Data Management Tools.tbx\AddField" Date="20110312" Time="160423">AddField d:\example\lsn\lsn.mdb\edges rcaGrzKm2 DOUBLE # # # # NULLABLE NON_REQUIRED # d:\example\lsn\lsn.mdb\edges</Process><Process ToolSource="C:\Program Files (x86)\ArcGIS\ArcToolbox\Toolboxes\Data Management Tools.tbx\RemoveJoin" Date="20110312" Time="160423">RemoveJoin templyr rcaGrz templyr</Process><Process ToolSource="C:\Program Files (x86)\ArcGIS\ArcToolbox\Toolboxes\Data Management Tools.tbx\SelectLayerByAttribute" Date="20110312" Time="160424">SelectLayerByAttribute templyr SWITCH_SELECTION # templyr</Process><Process ToolSource="C:\Program Files (x86)\ArcGIS\ArcToolbox\Toolboxes\Data Management Tools.tbx\CalculateField" Date="20110312" Time="160424">CalculateField templyr rcaGrzKm2 0 VB # templyr</Process><Process ToolSource="C:\Program Files (x86)\ArcGIS\ArcToolbox\Toolboxes\Data Management Tools.tbx\SelectLayerByAttribute" Date="20110312" Time="160424">SelectLayerByAttribute templyr CLEAR_SELECTION # templyr</Process><Process ToolSource="C:\Program Files (x86)\ArcGIS\ArcToolbox\Toolboxes\Data Management Tools.tbx\AddField" Date="20110312" Time="162241">AddField edgeLyr h2oUrbKm2 DOUBLE # # # # NULLABLE NON_REQUIRED # edgeLyr</Process><Process ToolSource="C:\Program Files (x86)\ArcGIS\ArcToolbox\Toolboxes\Data Management Tools.tbx\SelectLayerByAttribute" Date="20110312" Time="162241">SelectLayerByAttribute edgeLyr ADD_TO_SELECTION "rcaUrbKm2 IS NOT NULL" edgeLyr</Process><Process ToolSource="C:\Program Files (x86)\ArcGIS\ArcToolbox\Toolboxes\Data Management Tools.tbx\CalculateField" Date="20110312" Time="162241">CalculateField d:\example\lsn\lsn.mdb\edges h2oUrbKm2 [rcaUrbKm2] VB # d:\example\lsn\lsn.mdb\edges</Process><Process ToolSource="C:\Program Files (x86)\ArcGIS\ArcToolbox\Toolboxes\Data Management Tools.tbx\SelectLayerByAttribute" Date="20110312" Time="162241">SelectLayerByAttribute edgeLyr CLEAR_SELECTION # edgeLyr</Process><Process ToolSource="C:\Program Files (x86)\ArcGIS\ArcToolbox\Toolboxes\Data Management Tools.tbx\AddField" Date="20110312" Time="162243">AddField edgeLyr h2oWatKm2 DOUBLE # # # # NULLABLE NON_REQUIRED # edgeLyr</Process><Process ToolSource="C:\Program Files (x86)\ArcGIS\ArcToolbox\Toolboxes\Data Management Tools.tbx\SelectLayerByAttribute" Date="20110312" Time="162243">SelectLayerByAttribute edgeLyr ADD_TO_SELECTION "rcaWatKm2 IS NOT NULL" edgeLyr</Process><Process ToolSource="C:\Program Files (x86)\ArcGIS\ArcToolbox\Toolboxes\Data Management Tools.tbx\CalculateField" Date="20110312" Time="162243">CalculateField d:\example\lsn\lsn.mdb\edges h2oWatKm2 [rcaWatKm2] VB # d:\example\lsn\lsn.mdb\edges</Process><Process ToolSource="C:\Program Files (x86)\ArcGIS\ArcToolbox\Toolboxes\Data Management Tools.tbx\SelectLayerByAttribute" Date="20110312" Time="162243">SelectLayerByAttribute edgeLyr CLEAR_SELECTION # edgeLyr</Process><Process ToolSource="C:\Program Files (x86)\ArcGIS\ArcToolbox\Toolboxes\Data Management Tools.tbx\AddField" Date="20110312" Time="163053">AddField edgeLyr h2oMineKm2 DOUBLE # # # # NULLABLE NON_REQUIRED # edgeLyr</Process><Process ToolSource="C:\Program Files (x86)\ArcGIS\ArcToolbox\Toolboxes\Data Management Tools.tbx\SelectLayerByAttribute" Date="20110312" Time="163053">SelectLayerByAttribute edgeLyr ADD_TO_SELECTION "rcaMineKm2 IS NOT NULL" edgeLyr</Process><Process ToolSource="C:\Program Files (x86)\ArcGIS\ArcToolbox\Toolboxes\Data Management Tools.tbx\CalculateField" Date="20110312" Time="163053">CalculateField d:\example\lsn\lsn.mdb\edges h2oMineKm2 [rcaMineKm2] VB # d:\example\lsn\lsn.mdb\edges</Process><Process ToolSource="C:\Program Files (x86)\ArcGIS\ArcToolbox\Toolboxes\Data Management Tools.tbx\SelectLayerByAttribute" Date="20110312" Time="163053">SelectLayerByAttribute edgeLyr CLEAR_SELECTION # edgeLyr</Process><Process ToolSource="C:\Program Files (x86)\ArcGIS\ArcToolbox\Toolboxes\Data Management Tools.tbx\AddField" Date="20110312" Time="163055">AddField edgeLyr h2oAgKm2 DOUBLE # # # # NULLABLE NON_REQUIRED # edgeLyr</Process><Process ToolSource="C:\Program Files (x86)\ArcGIS\ArcToolbox\Toolboxes\Data Management Tools.tbx\SelectLayerByAttribute" Date="20110312" Time="163055">SelectLayerByAttribute edgeLyr ADD_TO_SELECTION "rcaAgKm2 IS NOT NULL" edgeLyr</Process><Process ToolSource="C:\Program Files (x86)\ArcGIS\ArcToolbox\Toolboxes\Data Management Tools.tbx\CalculateField" Date="20110312" Time="163055">CalculateField d:\example\lsn\lsn.mdb\edges h2oAgKm2 [rcaAgKm2] VB # d:\example\lsn\lsn.mdb\edges</Process><Process ToolSource="C:\Program Files (x86)\ArcGIS\ArcToolbox\Toolboxes\Data Management Tools.tbx\SelectLayerByAttribute" Date="20110312" Time="163055">SelectLayerByAttribute edgeLyr CLEAR_SELECTION # edgeLyr</Process><Process ToolSource="C:\Program Files (x86)\ArcGIS\ArcToolbox\Toolboxes\Data Management Tools.tbx\AddField" Date="20110312" Time="163057">AddField edgeLyr h2oForKm2 DOUBLE # # # # NULLABLE NON_REQUIRED # edgeLyr</Process><Process ToolSource="C:\Program Files (x86)\ArcGIS\ArcToolbox\Toolboxes\Data Management Tools.tbx\SelectLayerByAttribute" Date="20110312" Time="163057">SelectLayerByAttribute edgeLyr ADD_TO_SELECTION "rcaForKm2 IS NOT NULL" edgeLyr</Process><Process ToolSource="C:\Program Files (x86)\ArcGIS\ArcToolbox\Toolboxes\Data Management Tools.tbx\CalculateField" Date="20110312" Time="163057">CalculateField d:\example\lsn\lsn.mdb\edges h2oForKm2 [rcaForKm2] VB # d:\example\lsn\lsn.mdb\edges</Process><Process ToolSource="C:\Program Files (x86)\ArcGIS\ArcToolbox\Toolboxes\Data Management Tools.tbx\SelectLayerByAttribute" Date="20110312" Time="163057">SelectLayerByAttribute edgeLyr CLEAR_SELECTION # edgeLyr</Process><Process ToolSource="C:\Program Files (x86)\ArcGIS\ArcToolbox\Toolboxes\Data Management Tools.tbx\AddField" Date="20110312" Time="163059">AddField edgeLyr ripUrbKm2 DOUBLE # # # # NULLABLE NON_REQUIRED # edgeLyr</Process><Process ToolSource="C:\Program Files (x86)\ArcGIS\ArcToolbox\Toolboxes\Data Management Tools.tbx\SelectLayerByAttribute" Date="20110312" Time="163059">SelectLayerByAttribute edgeLyr ADD_TO_SELECTION "rrUrbKm2 IS NOT NULL" edgeLyr</Process><Process ToolSource="C:\Program Files (x86)\ArcGIS\ArcToolbox\Toolboxes\Data Management Tools.tbx\CalculateField" Date="20110312" Time="163059">CalculateField d:\example\lsn\lsn.mdb\edges ripUrbKm2 [rrUrbKm2] VB # d:\example\lsn\lsn.mdb\edges</Process><Process ToolSource="C:\Program Files (x86)\ArcGIS\ArcToolbox\Toolboxes\Data Management Tools.tbx\SelectLayerByAttribute" Date="20110312" Time="163059">SelectLayerByAttribute edgeLyr CLEAR_SELECTION # edgeLyr</Process><Process ToolSource="C:\Program Files (x86)\ArcGIS\ArcToolbox\Toolboxes\Data Management Tools.tbx\AddField" Date="20110312" Time="163101">AddField edgeLyr ripWatKm2 DOUBLE # # # # NULLABLE NON_REQUIRED # edgeLyr</Process><Process ToolSource="C:\Program Files (x86)\ArcGIS\ArcToolbox\Toolboxes\Data Management Tools.tbx\SelectLayerByAttribute" Date="20110312" Time="163101">SelectLayerByAttribute edgeLyr ADD_TO_SELECTION "rrWatKm2 IS NOT NULL" edgeLyr</Process><Process ToolSource="C:\Program Files (x86)\ArcGIS\ArcToolbox\Toolboxes\Data Management Tools.tbx\CalculateField" Date="20110312" Time="163101">CalculateField d:\example\lsn\lsn.mdb\edges ripWatKm2 [rrWatKm2] VB # d:\example\lsn\lsn.mdb\edges</Process><Process ToolSource="C:\Program Files (x86)\ArcGIS\ArcToolbox\Toolboxes\Data Management Tools.tbx\SelectLayerByAttribute" Date="20110312" Time="163101">SelectLayerByAttribute edgeLyr CLEAR_SELECTION # edgeLyr</Process><Process ToolSource="C:\Program Files (x86)\ArcGIS\ArcToolbox\Toolboxes\Data Management Tools.tbx\AddField" Date="20110312" Time="163103">AddField edgeLyr ripMineKm2 DOUBLE # # # # NULLABLE NON_REQUIRED # edgeLyr</Process><Process ToolSource="C:\Program Files (x86)\ArcGIS\ArcToolbox\Toolboxes\Data Management Tools.tbx\SelectLayerByAttribute" Date="20110312" Time="163103">SelectLayerByAttribute edgeLyr ADD_TO_SELECTION "rrMineKm2 IS NOT NULL" edgeLyr</Process><Process ToolSource="C:\Program Files (x86)\ArcGIS\ArcToolbox\Toolboxes\Data Management Tools.tbx\CalculateField" Date="20110312" Time="163103">CalculateField d:\example\lsn\lsn.mdb\edges ripMineKm2 [rrMineKm2] VB # d:\example\lsn\lsn.mdb\edges</Process><Process ToolSource="C:\Program Files (x86)\ArcGIS\ArcToolbox\Toolboxes\Data Management Tools.tbx\SelectLayerByAttribute" Date="20110312" Time="163103">SelectLayerByAttribute edgeLyr CLEAR_SELECTION # edgeLyr</Process><Process ToolSource="C:\Program Files (x86)\ArcGIS\ArcToolbox\Toolboxes\Data Management Tools.tbx\AddField" Date="20110312" Time="163105">AddField edgeLyr ripAgKm2 DOUBLE # # # # NULLABLE NON_REQUIRED # edgeLyr</Process><Process ToolSource="C:\Program Files (x86)\ArcGIS\ArcToolbox\Toolboxes\Data Management Tools.tbx\SelectLayerByAttribute" Date="20110312" Time="163105">SelectLayerByAttribute edgeLyr ADD_TO_SELECTION "rrAgKm2 IS NOT NULL" edgeLyr</Process><Process ToolSource="C:\Program Files (x86)\ArcGIS\ArcToolbox\Toolboxes\Data Management Tools.tbx\CalculateField" Date="20110312" Time="163105">CalculateField d:\example\lsn\lsn.mdb\edges ripAgKm2 [rrAgKm2] VB # d:\example\lsn\lsn.mdb\edges</Process><Process ToolSource="C:\Program Files (x86)\ArcGIS\ArcToolbox\Toolboxes\Data Management Tools.tbx\SelectLayerByAttribute" Date="20110312" Time="163105">SelectLayerByAttribute edgeLyr CLEAR_SELECTION # edgeLyr</Process><Process ToolSource="C:\Program Files (x86)\ArcGIS\ArcToolbox\Toolboxes\Data Management Tools.tbx\AddField" Date="20110312" Time="163107">AddField edgeLyr ripForKm2 DOUBLE # # # # NULLABLE NON_REQUIRED # edgeLyr</Process><Process ToolSource="C:\Program Files (x86)\ArcGIS\ArcToolbox\Toolboxes\Data Management Tools.tbx\SelectLayerByAttribute" Date="20110312" Time="163107">SelectLayerByAttribute edgeLyr ADD_TO_SELECTION "rrForKm2 IS NOT NULL" edgeLyr</Process><Process ToolSource="C:\Program Files (x86)\ArcGIS\ArcToolbox\Toolboxes\Data Management Tools.tbx\CalculateField" Date="20110312" Time="163107">CalculateField d:\example\lsn\lsn.mdb\edges ripForKm2 [rrForKm2] VB # d:\example\lsn\lsn.mdb\edges</Process><Process ToolSource="C:\Program Files (x86)\ArcGIS\ArcToolbox\Toolboxes\Data Management Tools.tbx\SelectLayerByAttribute" Date="20110312" Time="163107">SelectLayerByAttribute edgeLyr CLEAR_SELECTION # edgeLyr</Process><Process ToolSource="C:\Program Files (x86)\ArcGIS\ArcToolbox\Toolboxes\Data Management Tools.tbx\AddField" Date="20110312" Time="163109">AddField edgeLyr ripGrzKm2 DOUBLE # # # # NULLABLE NON_REQUIRED # edgeLyr</Process><Process ToolSource="C:\Program Files (x86)\ArcGIS\ArcToolbox\Toolboxes\Data Management Tools.tbx\SelectLayerByAttribute" Date="20110312" Time="163109">SelectLayerByAttribute edgeLyr ADD_TO_SELECTION "rrGrzKm2 IS NOT NULL" edgeLyr</Process><Process ToolSource="C:\Program Files (x86)\ArcGIS\ArcToolbox\Toolboxes\Data Management Tools.tbx\CalculateField" Date="20110312" Time="163109">CalculateField d:\example\lsn\lsn.mdb\edges ripGrzKm2 [rrGrzKm2] VB # d:\example\lsn\lsn.mdb\edges</Process><Process ToolSource="C:\Program Files (x86)\ArcGIS\ArcToolbox\Toolboxes\Data Management Tools.tbx\SelectLayerByAttribute" Date="20110312" Time="163109">SelectLayerByAttribute edgeLyr CLEAR_SELECTION # edgeLyr</Process><Process ToolSource="C:\Program Files (x86)\ArcGIS\ArcToolbox\Toolboxes\Data Management Tools.tbx\AddField" Date="20110312" Time="170228">AddField D:\example\lsn\lsn.mdb\edges Urb DOUBLE # # # # NULLABLE NON_REQUIRED # D:\example\lsn\lsn.mdb\edges</Process><Process ToolSource="C:\Program Files (x86)\ArcGIS\ArcToolbox\Toolboxes\Data Management Tools.tbx\AddField" Date="20110312" Time="170228">AddField D:\example\lsn\lsn.mdb\edges Wat DOUBLE # # # # NULLABLE NON_REQUIRED # D:\example\lsn\lsn.mdb\edges</Process><Process ToolSource="C:\Program Files (x86)\ArcGIS\ArcToolbox\Toolboxes\Data Management Tools.tbx\AddField" Date="20110312" Time="170228">AddField D:\example\lsn\lsn.mdb\edges Mine DOUBLE # # # # NULLABLE NON_REQUIRED # D:\example\lsn\lsn.mdb\edges</Process><Process ToolSource="C:\Program Files (x86)\ArcGIS\ArcToolbox\Toolboxes\Data Management Tools.tbx\AddField" Date="20110312" Time="170228">AddField D:\example\lsn\lsn.mdb\edges Ag DOUBLE # # # # NULLABLE NON_REQUIRED # D:\example\lsn\lsn.mdb\edges</Process><Process ToolSource="C:\Program Files (x86)\ArcGIS\ArcToolbox\Toolboxes\Data Management Tools.tbx\AddField" Date="20110312" Time="170228">AddField D:\example\lsn\lsn.mdb\edges For DOUBLE # # # # NULLABLE NON_REQUIRED # D:\example\lsn\lsn.mdb\edges</Process><Process ToolSource="C:\Program Files (x86)\ArcGIS\ArcToolbox\Toolboxes\Data Management Tools.tbx\AddField" Date="20110312" Time="170228">AddField D:\example\lsn\lsn.mdb\edges Grz DOUBLE # # # # NULLABLE NON_REQUIRED # D:\example\lsn\lsn.mdb\edges</Process><Process ToolSource="C:\Program Files (x86)\ArcGIS\ArcToolbox\Toolboxes\Data Management Tools.tbx\DeleteField" Date="20110312" Time="170323">DeleteField edges Urb;Wat;Mine;Ag;For_;Grz edges</Process><Process ToolSource="C:\Program Files (x86)\ArcGIS\ArcToolbox\Toolboxes\Data Management Tools.tbx\AddField" Date="20110313" Time="115311">AddField edges h2oAreaM2 DOUBLE # # # # NULLABLE NON_REQUIRED # edges</Process><Process ToolSource="C:\Program Files (x86)\ArcGIS\ArcToolbox\Toolboxes\Data Management Tools.tbx\SelectLayerByAttribute" Date="20110313" Time="115311">SelectLayerByAttribute edges ADD_TO_SELECTION "rcaAreaM2 IS NOT NULL" edges</Process><Process ToolSource="C:\Program Files (x86)\ArcGIS\ArcToolbox\Toolboxes\Data Management Tools.tbx\CalculateField" Date="20110313" Time="115311">CalculateField edges h2oAreaM2 [rcaAreaM2] VB # edges</Process><Process ToolSource="C:\Program Files (x86)\ArcGIS\ArcToolbox\Toolboxes\Data Management Tools.tbx\SelectLayerByAttribute" Date="20110313" Time="115311">SelectLayerByAttribute edges CLEAR_SELECTION # edges</Process><Process ToolSource="C:\Program Files (x86)\ArcGIS\ArcToolbox\Toolboxes\Data Management Tools.tbx\AddField" Date="20110313" Time="115337">AddField edges h2oGrazeM2 DOUBLE # # # # NULLABLE NON_REQUIRED # edges</Process><Process ToolSource="C:\Program Files (x86)\ArcGIS\ArcToolbox\Toolboxes\Data Management Tools.tbx\SelectLayerByAttribute" Date="20110313" Time="115337">SelectLayerByAttribute edges ADD_TO_SELECTION "rcaGrazeM2 IS NOT NULL" edges</Process><Process ToolSource="C:\Program Files (x86)\ArcGIS\ArcToolbox\Toolboxes\Data Management Tools.tbx\CalculateField" Date="20110313" Time="115338">CalculateField edges h2oGrazeM2 [rcaGrazeM2] VB # edges</Process><Process ToolSource="C:\Program Files (x86)\ArcGIS\ArcToolbox\Toolboxes\Data Management Tools.tbx\SelectLayerByAttribute" Date="20110313" Time="115338">SelectLayerByAttribute edges CLEAR_SELECTION # edges</Process><Process ToolSource="C:\Program Files (x86)\ArcGIS\ArcToolbox\Toolboxes\Data Management Tools.tbx\AddField" Date="20110313" Time="120956">AddField edges ripAreaM2 DOUBLE # # # # NULLABLE NON_REQUIRED # edges</Process><Process ToolSource="C:\Program Files (x86)\ArcGIS\ArcToolbox\Toolboxes\Data Management Tools.tbx\SelectLayerByAttribute" Date="20110313" Time="120956">SelectLayerByAttribute edges ADD_TO_SELECTION "rrAreaM2 IS NOT NULL" edges</Process><Process ToolSource="C:\Program Files (x86)\ArcGIS\ArcToolbox\Toolboxes\Data Management Tools.tbx\CalculateField" Date="20110313" Time="120956">CalculateField edges ripAreaM2 [rrAreaM2] VB # edges</Process><Process ToolSource="C:\Program Files (x86)\ArcGIS\ArcToolbox\Toolboxes\Data Management Tools.tbx\SelectLayerByAttribute" Date="20110313" Time="120956">SelectLayerByAttribute edges CLEAR_SELECTION # edges</Process><Process ToolSource="C:\Program Files (x86)\ArcGIS\ArcToolbox\Toolboxes\Data Management Tools.tbx\DeleteField" Date="20110313" Time="150432">DeleteField streams OBJECTID;rid;areaPI;afvArea;rcaWatKm2;rrAgKm2;rrAreaM2;rrForKm2 streams</Process><Process ToolSource="C:\Program Files (x86)\ArcGIS\ArcToolbox\Toolboxes\Data Management Tools.tbx\DeleteField" Date="20110313" Time="150502">DeleteField streams h2oAgKm2;h2oAreaM2;h2oForKm2;h2oGrazeM2 streams</Process><Process ToolSource="C:\Program Files (x86)\ArcGIS\ArcToolbox\Toolboxes\Data Management Tools.tbx\DeleteField" Date="20110313" Time="150549">DeleteField streams rcaAgKm2;rcaAreaM2;rcaForKm2;rrWatKm2;rrUrbKm2;rrGrzKm2;ripWatKm2;ripMineKm2;ripUrbKm2 streams</Process><Process ToolSource="C:\Program Files (x86)\ArcGIS\ArcToolbox\Toolboxes\Data Management Tools.tbx\DeleteField" Date="20110313" Time="150621">DeleteField streams h2oMineKm2;h2oMineKm2;h2oUrbKm2;h2oWatKm2;rcaGrazeM2;rrMineKm2 streams</Process><Process ToolSource="C:\Program Files (x86)\ArcGIS\ArcToolbox\Toolboxes\Data Management Tools.tbx\CopyFeatures" Date="20110313" Time="152644">CopyFeatures D:\Example2\streams.shp D:\Example2\lsn\lsn.mdb\edges # 0 0 0</Process><Process ToolSource="C:\Program Files (x86)\ArcGIS\ArcToolbox\Toolboxes\Data Management Tools.tbx\AddField" Date="20110313" Time="152644">AddField D:\Example2\lsn\lsn.mdb\edges rid LONG 12 12 # # NULLABLE NON_REQUIRED # D:\Example2\lsn\lsn.mdb\edges</Process><Process ToolSource="C:\Program Files (x86)\ArcGIS\ArcToolbox\Toolboxes\Data Management Tools.tbx\CalculateField" Date="20110313" Time="152644">CalculateField D:\Example2\lsn\lsn.mdb\edges rid "[OBJECTID] - 1" VB # D:\Example2\lsn\lsn.mdb\edges</Process><Process ToolSource="C:\Program Files (x86)\ArcGIS\ArcToolbox\Toolboxes\Data Management Tools.tbx\AddField" Date="20110313" Time="154736">AddField edges areaPI DOUBLE # # # # NULLABLE NON_REQUIRED # edges</Process><Process ToolSource="C:\Program Files (x86)\ArcGIS\ArcToolbox\Toolboxes\Data Management Tools.tbx\AddField" Date="20110313" Time="154823">AddField edges afvArea DOUBLE # # # # NULLABLE NON_REQUIRED # edges</Process><Process ToolSource="C:\Program Files (x86)\ArcGIS\ArcToolbox\Toolboxes\Data Management Tools.tbx\SelectLayerByAttribute" Date="20110313" Time="154824">SelectLayerByAttribute edgeLyr ADD_TO_SELECTION "areaPI IS NOT NULL" edgeLyr</Process><Process ToolSource="C:\Program Files (x86)\ArcGIS\ArcToolbox\Toolboxes\Data Management Tools.tbx\CalculateField" Date="20110313" Time="154824">CalculateField edgeLyr afvArea [areaPI] VB # edgeLyr</Process><Process ToolSource="C:\Program Files (x86)\ArcGIS\ArcToolbox\Toolboxes\Data Management Tools.tbx\SelectLayerByAttribute" Date="20110313" Time="154824">SelectLayerByAttribute edgeLyr CLEAR_SELECTION # edgeLyr</Process><Process ToolSource="C:\Program Files (x86)\ArcGIS\ArcToolbox\Toolboxes\Data Management Tools.tbx\AddField" Date="20110313" Time="155551">AddField edgeLyr netID LONG # # # # NULLABLE NON_REQUIRED # edgeLyr</Process><Process ToolSource="C:\Program Files (x86)\ArcGIS\ArcToolbox\Toolboxes\Data Management Tools.tbx\CalculateField" Date="20110313" Time="155555">CalculateField edges Length float(!SHAPE.LENGTH!) PYTHON # edges</Process><Process ToolSource="C:\Program Files (x86)\ArcGIS\ArcToolbox\Toolboxes\Data Management Tools.tbx\AddField" Date="20110313" Time="163453">AddField edgeLyr netID LONG # # # # NULLABLE NON_REQUIRED # edgeLyr</Process><Process ToolSource="C:\Program Files (x86)\ArcGIS\ArcToolbox\Toolboxes\Data Management Tools.tbx\CalculateField" Date="20110313" Time="163456">CalculateField edges Length float(!SHAPE.LENGTH!) PYTHON # edges</Process><Process ToolSource="C:\Program Files (x86)\ArcGIS\ArcToolbox\Toolboxes\Data Management Tools.tbx\AddField" Date="20110313" Time="163719">AddField edgeLyr netID LONG # # # # NULLABLE NON_REQUIRED # edgeLyr</Process><Process ToolSource="C:\Program Files (x86)\ArcGIS\ArcToolbox\Toolboxes\Data Management Tools.tbx\CalculateField" Date="20110313" Time="163722">CalculateField edges Length float(!SHAPE.LENGTH!) PYTHON # edges</Process><Process ToolSource="C:\Program Files (x86)\ArcGIS\ArcToolbox\Toolboxes\Data Management Tools.tbx\DeleteField" Date="20110313" Time="165634">DeleteField edgeLyr netID edgeLyr</Process><Process ToolSource="C:\Program Files (x86)\ArcGIS\ArcToolbox\Toolboxes\Data Management Tools.tbx\AddField" Date="20110313" Time="165634">AddField edgeLyr netID LONG # # # # NULLABLE NON_REQUIRED # edgeLyr</Process><Process ToolSource="C:\Program Files (x86)\ArcGIS\ArcToolbox\Toolboxes\Data Management Tools.tbx\CalculateField" Date="20110313" Time="165637">CalculateField edges Length float(!SHAPE.LENGTH!) PYTHON # edges</Process><Process ToolSource="C:\Program Files (x86)\ArcGIS\ArcToolbox\Toolboxes\Data Management Tools.tbx\CopyFeatures" Date="20110313" Time="165641">CopyFeatures edges D:\example_all\lsn\lsn.ssn\edges.shp # 0 0 0</Process></lineage></DataProperties><MetaID>{25FDF08F-D1F0-4CAE-9BE6-12C590014533}</MetaID></Esri><idinfo><native Sync="TRUE">Microsoft Windows 2000 Version 5.2 (Build 3790) Service Pack 2; ESRI ArcCatalog 9.3.1.4000</native><descript><langdata Sync="TRUE">en</langdata><abstract>REQUIRED: A brief narrative summary of the data set.</abstract><purpose>REQUIRED: A summary of the intentions with which the data set was developed.</purpose></descript><citation><citeinfo><origin>REQUIRED: The name of an organization or individual that developed the data set.</origin><pubdate>REQUIRED: The date when the data set is published or otherwise made available for release.</pubdate><title Sync="TRUE">edges</title><ftname Sync="TRUE">edges</ftname><geoform Sync="TRUE">vector digital data</geoform><onlink Sync="TRUE">\\MIS-EPETERS-ND\D$\example_all\lsn\lsn.ssn\edges.shp</onlink></citeinfo></citation><timeperd><current>REQUIRED: The basis on which the time period of content information is determined.</current><timeinfo><sngdate><caldate>REQUIRED: The year (and optionally month, or month and day) for which the data set corresponds to the ground.</caldate></sngdate></timeinfo></timeperd><status><progress>REQUIRED: The state of the data set.</progress><update>REQUIRED: The frequency with which changes and additions are made to the data set after the initial data set is completed.</update></status><spdom><bounding><westbc Sync="TRUE">REQUIRED: Western-most coordinate of the limit of coverage expressed in longitude.</westbc><eastbc Sync="TRUE">REQUIRED: Eastern-most coordinate of the limit of coverage expressed in longitude.</eastbc><northbc Sync="TRUE">REQUIRED: Northern-most coordinate of the limit of coverage expressed in latitude.</northbc><southbc Sync="TRUE">REQUIRED: Southern-most coordinate of the limit of coverage expressed in latitude.</southbc></bounding></spdom><keywords><theme><themekt>REQUIRED: Reference to a formally registered thesaurus or a similar authoritative source of theme keywords.</themekt><themekey>REQUIRED: Common-use word or phrase used to describe the subject of the data set.</themekey></theme></keywords><accconst>REQUIRED: Restrictions and legal prerequisites for accessing the data set.</accconst><useconst>REQUIRED: Restrictions and legal prerequisites for using the data set after access is granted.</useconst><natvform Sync="TRUE">Shapefile</natvform></idinfo><dataIdInfo><envirDesc Sync="TRUE">Microsoft Windows 2000 Version 5.2 (Build 3790) Service Pack 2; ESRI ArcCatalog 9.3.1.4000</envirDesc><dataLang><languageCode Sync="TRUE" value="en"></languageCode></dataLang><idCitation><resTitle Sync="TRUE">edges</resTitle><presForm><PresFormCd Sync="TRUE" value="005"></PresFormCd></presForm></idCitation><spatRpType><SpatRepTypCd Sync="TRUE" value="001"></SpatRepTypCd></spatRpType></dataIdInfo><metainfo><langmeta Sync="TRUE">en</langmeta><metstdn Sync="TRUE">FGDC Content Standards for Digital Geospatial Metadata</metstdn><metstdv Sync="TRUE">FGDC-STD-001-1998</metstdv><mettc Sync="TRUE">local time</mettc><metc><cntinfo><cntorgp><cntper>REQUIRED: The person responsible for the metadata information.</cntper><cntorg>REQUIRED: The organization responsible for the metadata information.</cntorg></cntorgp><cntaddr><addrtype>REQUIRED: The mailing and/or physical address for the organization or individual.</addrtype><city>REQUIRED: The city of the address.</city><state>REQUIRED: The state or province of the address.</state><postal>REQUIRED: The ZIP or other postal code of the address.</postal></cntaddr><cntvoice>REQUIRED: The telephone number by which individuals can speak to the organization or individual.</cntvoice></cntinfo></metc><metd Sync="TRUE">20110313</metd><metextns><onlink Sync="TRUE">http://www.esri.com/metadata/esriprof80.html</onlink><metprof Sync="TRUE">ESRI Metadata Profile</metprof></metextns></metainfo><mdLang><languageCode Sync="TRUE" value="en"></languageCode></mdLang><mdStanName Sync="TRUE">ISO 19115 Geographic Information - Metadata</mdStanName><mdStanVer Sync="TRUE">DIS_ESRI1.0</mdStanVer><mdChar><CharSetCd Sync="TRUE" value="004"></CharSetCd></mdChar><mdHrLv><ScopeCd Sync="TRUE" value="005"></ScopeCd></mdHrLv><mdHrLvName Sync="TRUE">dataset</mdHrLvName><distinfo><resdesc Sync="TRUE">Downloadable Data</resdesc><stdorder><digform><digtinfo><transize Sync="TRUE">0.000</transize><dssize Sync="TRUE">0.000</dssize></digtinfo></digform></stdorder></distinfo><distInfo><distributor><distorTran><onLineSrc><orDesc Sync="TRUE">002</orDesc><linkage Sync="TRUE">file://\\MIS-EPETERS-ND\D$\example_all\lsn\lsn.ssn\edges.shp</linkage><protocol Sync="TRUE">Local Area Network</protocol></onLineSrc><transSize Sync="TRUE">0.000</transSize></distorTran><distorFormat><formatName Sync="TRUE">Shapefile</formatName></distorFormat></distributor></distInfo><spdoinfo><direct Sync="TRUE">Vector</direct><ptvctinf><esriterm Name="edges"><efeatyp Sync="TRUE">Simple</efeatyp><efeageom Sync="TRUE">Polyline</efeageom><esritopo Sync="TRUE">FALSE</esritopo><efeacnt Sync="TRUE">0</efeacnt><spindex Sync="TRUE">FALSE</spindex><linrefer Sync="TRUE">FALSE</linrefer></esriterm><sdtsterm Name="edges"><sdtstype Sync="TRUE">String</sdtstype><ptvctcnt Sync="TRUE">0</ptvctcnt></sdtsterm></ptvctinf></spdoinfo><spref><horizsys><cordsysn><geogcsn Sync="TRUE">GCS_GDA_1994</geogcsn><projcsn Sync="TRUE">GDA_1994_Albers</projcsn></cordsysn><planar><planci><plance Sync="TRUE">coordinate pair</plance><plandu Sync="TRUE">meters</plandu><coordrep><absres Sync="TRUE">0.000000</absres><ordres Sync="TRUE">0.000000</ordres></coordrep></planci><mapproj><mapprojn Sync="TRUE">Albers Conical Equal Area</mapprojn><albers><stdparll Sync="TRUE">-13.166667</stdparll><stdparll Sync="TRUE">-25.833333</stdparll><longcm Sync="TRUE">146.000000</longcm><latprjo Sync="TRUE">0.000000</latprjo><feast Sync="TRUE">0.000000</feast><fnorth Sync="TRUE">0.000000</fnorth></albers></mapproj></planar><geodetic><horizdn Sync="TRUE">D_GDA_1994</horizdn><ellips Sync="TRUE">Geodetic Reference System 80</ellips><semiaxis Sync="TRUE">6378137.000000</semiaxis><denflat Sync="TRUE">298.257222</denflat></geodetic></horizsys></spref><refSysInfo><RefSystem><refSysID><identCode Sync="TRUE">GDA_1994_Albers</identCode></refSysID></RefSystem></refSysInfo><spatRepInfo><VectSpatRep><topLvl><TopoLevCd Sync="TRUE" value="001"></TopoLevCd></topLvl><geometObjs Name="edges"><geoObjTyp><GeoObjTypCd Sync="TRUE" value="001"></GeoObjTypCd></geoObjTyp><geoObjCnt Sync="TRUE">0</geoObjCnt></geometObjs></VectSpatRep></spatRepInfo><eainfo><detailed Name="edges"><enttyp><enttypl Sync="TRUE">edges</enttypl><enttypt Sync="TRUE">Feature Class</enttypt><enttypc Sync="TRUE">0</enttypc></enttyp><attr><attrlabl Sync="TRUE">FID</attrlabl><attalias Sync="TRUE">FID</attalias><attrtype Sync="TRUE">OID</attrtype><attwidth Sync="TRUE">4</attwidth><atprecis Sync="TRUE">0</atprecis><attscale Sync="TRUE">0</attscale><attrdef Sync="TRUE">Internal feature number.</attrdef><attrdefs Sync="TRUE">ESRI</attrdefs><attrdomv><udom Sync="TRUE">Sequential unique whole numbers that are automatically generated.</udom></attrdomv></attr><attr><attrlabl Sync="TRUE">Shape</attrlabl><attalias Sync="TRUE">Shape</attalias><attrtype Sync="TRUE">Geometry</attrtype><attwidth Sync="TRUE">0</attwidth><atprecis Sync="TRUE">0</atprecis><attscale Sync="TRUE">0</attscale><attrdef Sync="TRUE">Feature geometry.</attrdef><attrdefs Sync="TRUE">ESRI</attrdefs><attrdomv><udom Sync="TRUE">Coordinates defining the features.</udom></attrdomv></attr><attr><attrlabl Sync="TRUE">LENGTH</attrlabl><attalias Sync="TRUE">Length</attalias><attrtype Sync="TRUE">Double</attrtype><attwidth Sync="TRUE">19</attwidth><atprecis Sync="TRUE">0</atprecis><attscale Sync="TRUE">0</attscale></attr><attr><attrlabl Sync="TRUE">streamcode</attrlabl><attalias Sync="TRUE">streamcode</attalias><attrtype Sync="TRUE">Number</attrtype><attwidth Sync="TRUE">4</attwidth></attr><attr><attrlabl Sync="TRUE">reachid</attrlabl><attalias Sync="TRUE">reachid</attalias><attrtype Sync="TRUE">Number</attrtype><attwidth Sync="TRUE">9</attwidth></attr><attr><attrlabl Sync="TRUE">rcaAreaKm2</attrlabl><attalias Sync="TRUE">rcaAreaKm2</attalias><attrtype Sync="TRUE">Float</attrtype><attwidth Sync="TRUE">19</attwidth><atnumdec Sync="TRUE">11</atnumdec></attr><attr><attrlabl Sync="TRUE">upDist</attrlabl><attalias Sync="TRUE">upDist</attalias><attrtype Sync="TRUE">Float</attrtype><attwidth Sync="TRUE">19</attwidth><atnumdec Sync="TRUE">11</atnumdec></attr><attr><attrlabl Sync="TRUE">h2oAreaKm2</attrlabl><attalias Sync="TRUE">h2oAreaKm2</attalias><attrtype Sync="TRUE">Float</attrtype><attwidth Sync="TRUE">19</attwidth><atnumdec Sync="TRUE">11</atnumdec></attr><attr><attrlabl Sync="TRUE">rcaGrazKm2</attrlabl><attalias Sync="TRUE">rcaGrazKm2</attalias><attrtype Sync="TRUE">Float</attrtype><attwidth Sync="TRUE">19</attwidth><atnumdec Sync="TRUE">11</atnumdec></attr><attr><attrlabl Sync="TRUE">h2oGrazKm2</attrlabl><attalias Sync="TRUE">h2oGrazKm2</attalias><attrtype Sync="TRUE">Float</attrtype><attwidth Sync="TRUE">19</attwidth><atnumdec Sync="TRUE">11</atnumdec></attr><attr><attrlabl Sync="TRUE">Shape_Leng</attrlabl><attalias Sync="TRUE">Shape_Leng</attalias><attrtype Sync="TRUE">Float</attrtype><attwidth Sync="TRUE">19</attwidth><atnumdec Sync="TRUE">11</atnumdec></attr><attr><attrlabl Sync="TRUE">rid</attrlabl><attalias Sync="TRUE">rid</attalias><attrtype Sync="TRUE">Number</attrtype><attwidth Sync="TRUE">9</attwidth></attr><attr><attrlabl Sync="TRUE">areaPI</attrlabl><attalias Sync="TRUE">areaPI</attalias><attrtype Sync="TRUE">Float</attrtype><attwidth Sync="TRUE">19</attwidth><atnumdec Sync="TRUE">11</atnumdec></attr><attr><attrlabl Sync="TRUE">afvArea</attrlabl><attalias Sync="TRUE">afvArea</attalias><attrtype Sync="TRUE">Float</attrtype><attwidth Sync="TRUE">19</attwidth><atnumdec Sync="TRUE">11</atnumdec></attr><attr><attrlabl Sync="TRUE">netID</attrlabl><attalias Sync="TRUE">netID</attalias><attrtype Sync="TRUE">Number</attrtype><attwidth Sync="TRUE">9</attwidth></attr></detailed></eainfo><mdDateSt Sync="TRUE">20110313</mdDateSt><dataqual><lineage><procstep><procdesc Sync="TRUE">Dataset copied.</procdesc><srcused Sync="TRUE"></srcused><date Sync="TRUE">20090810</date><time Sync="TRUE">17040600</time></procstep><procstep><procdesc Sync="TRUE">Dataset copied.</procdesc><srcused Sync="TRUE"></srcused><date Sync="TRUE">20090811</date><time Sync="TRUE">11404100</time></procstep><procstep><procdesc Sync="TRUE">Dataset copied.</procdesc><srcused Sync="TRUE">\\MIS-EPETERS-ND\D$\projects\spatpred\gisdata\lsn6\lsn6.mdb</srcused><date Sync="TRUE">20091007</date><time Sync="TRUE">11245700</time></procstep><procstep><procdesc Sync="TRUE">Dataset copied.</procdesc><srcused Sync="TRUE"></srcused><date Sync="TRUE">20091007</date><time Sync="TRUE">13252700</time></procstep><procstep><procdesc Sync="TRUE">Dataset copied.</procdesc><srcused Sync="TRUE">\\MIS-EPETERS-ND\D$\projects\spatpred\gisdata\lsns\lsn12\lsn12.mdb</srcused><date Sync="TRUE">20091009</date><time Sync="TRUE">14331100</time></procstep><procstep><procdesc Sync="TRUE">Dataset copied.</procdesc><srcused Sync="TRUE"></srcused><date Sync="TRUE">20091009</date><time Sync="TRUE">14525600</time></procstep><procstep><procdesc Sync="TRUE">Dataset copied.</procdesc><srcused Sync="TRUE"></srcused><date Sync="TRUE">20100114</date><time Sync="TRUE">11533200</time></procstep><procstep><procdesc Sync="TRUE">Dataset copied.</procdesc><srcused Sync="TRUE"></srcused><date Sync="TRUE">20100114</date><time Sync="TRUE">15050800</time></procstep><procstep><procdesc Sync="TRUE">Dataset copied.</procdesc><srcused Sync="TRUE"></srcused><date Sync="TRUE">20100219</date><time Sync="TRUE">12384100</time></procstep><procstep><procdesc Sync="TRUE">Dataset copied.</procdesc><srcused Sync="TRUE">\\MIS-EPETERS-ND\D$\projects\spatpred\gisdata\lsns\lsn24\lsn23.mdb</srcused><date Sync="TRUE">20100330</date><time Sync="TRUE">19431300</time></procstep><procstep><procdesc Sync="TRUE">Dataset copied.</procdesc><srcused Sync="TRUE"></srcused><procdate Sync="TRUE">20101111</procdate><proctime Sync="TRUE">12492500</proctime></procstep><procstep><procdesc Sync="TRUE">Dataset copied.</procdesc><srcused Sync="TRUE"></srcused><procdate Sync="TRUE">20101111</procdate><proctime Sync="TRUE">14342100</proctime></procstep><procstep><procdesc Sync="TRUE">Dataset copied.</procdesc><srcused Sync="TRUE"></srcused><procdate Sync="TRUE">20101117</procdate><proctime Sync="TRUE">15055200</proctime></procstep><procstep><procdesc Sync="TRUE">Dataset copied.</procdesc><srcused Sync="TRUE"></srcused><procdate Sync="TRUE">20101117</procdate><proctime Sync="TRUE">16252300</proctime></procstep><procstep><procdesc Sync="TRUE">Dataset copied.</procdesc><srcused Sync="TRUE">E:\GIS\example100311\streams</srcused><procdate Sync="TRUE">20110310</procdate><proctime Sync="TRUE">15252300</proctime></procstep><procstep><procdesc Sync="TRUE">Dataset copied.</procdesc><srcused Sync="TRUE">E:\GIS\FINAL\example\streams</srcused><procdate Sync="TRUE">20110311</procdate><proctime Sync="TRUE">15134400</proctime></procstep><procstep><procdesc Sync="TRUE">Dataset copied.</procdesc><srcused Sync="TRUE">\\MIS-EPETERS-ND\D$\example\lsn\lsn.mdb</srcused><procdate Sync="TRUE">20110313</procdate><proctime Sync="TRUE">14594200</proctime></procstep></lineage></dataqual></metadata>
