<?xml version="1.0"?>
<!--<!DOCTYPE metadata SYSTEM "http://www.esri.com/metadata/esriprof80.dtd">-->
<metadata xml:lang="en"><Esri><CreaDate>20110311</CreaDate><CreaTime>15134300</CreaTime><SyncOnce>TRUE</SyncOnce><MetaID>{BC52B8C1-311C-458D-A2C5-C27D12FD611A}</MetaID></Esri><idinfo><citation><citeinfo><onlink Sync="TRUE">\\MIS-EPETER-SL\E\GIS\FINAL\example2\grazing</onlink></citeinfo></citation></idinfo><distInfo><distributor><distorTran><onLineSrc><linkage Sync="TRUE">file://\\MIS-EPETER-SL\E\GIS\FINAL\example2\grazing</linkage><protocol Sync="TRUE">Local Area Network</protocol></onLineSrc></distorTran></distributor></distInfo><dataqual><lineage><procstep><procdesc Sync="TRUE">Dataset copied.</procdesc><srcused Sync="TRUE">E:\GIS\example\LU\grazing</srcused><procdate Sync="TRUE">20110310</procdate><proctime Sync="TRUE">10204800</proctime></procstep><procstep><procdesc Sync="TRUE">Dataset copied.</procdesc><srcused Sync="TRUE">E:\GIS\example100311\grazing</srcused><procdate Sync="TRUE">20110310</procdate><proctime Sync="TRUE">15252300</proctime></procstep><procstep><procdesc Sync="TRUE">Dataset copied.</procdesc><srcused Sync="TRUE">E:\GIS\FINAL\example\grazing</srcused><procdate Sync="TRUE">20110311</procdate><proctime Sync="TRUE">15134300</proctime></procstep></lineage></dataqual></metadata>
