<?xml version="1.0"?>
<!--<!DOCTYPE metadata SYSTEM "http://www.esri.com/metadata/esriprof80.dtd">-->
<metadata xml:lang="en"><Esri><CreaDate>20121029</CreaDate><CreaTime>13341300</CreaTime><SyncOnce>FALSE</SyncOnce><SyncDate>20121030</SyncDate><SyncTime>09553600</SyncTime><ModDate>20121030</ModDate><ModTime>09553600</ModTime><DataProperties><lineage><Process ToolSource="C:\Program Files\ArcGIS\ArcToolbox\Toolboxes\Data Management Tools.tbx\CopyFeatures" Date="20110323" Time="123406">CopyFeatures F:\WorkSpace\NCEAS\Stream\Streams.shp F:\WorkSpace\NCEAS\AprWorkshop\lsn.mdb\edges # 0 0 0</Process><Process ToolSource="C:\Program Files\ArcGIS\ArcToolbox\Toolboxes\Data Management Tools.tbx\AddField" Date="20110323" Time="123407">AddField F:\WorkSpace\NCEAS\AprWorkshop\lsn.mdb\edges rid LONG 12 12 # # NULLABLE NON_REQUIRED # F:\WorkSpace\NCEAS\AprWorkshop\lsn.mdb\edges</Process><Process ToolSource="C:\Program Files\ArcGIS\ArcToolbox\Toolboxes\Data Management Tools.tbx\CalculateField" Date="20110323" Time="123417">CalculateField F:\WorkSpace\NCEAS\AprWorkshop\lsn.mdb\edges rid "[OBJECTID] - 1" VB # F:\WorkSpace\NCEAS\AprWorkshop\lsn.mdb\edges</Process><Process ToolSource="C:\Program Files\ArcGIS\ArcToolbox\Toolboxes\Data Management Tools.tbx\AddField" Date="20110323" Time="124101">AddField edges h2oAreaKm2 DOUBLE # # # # NULLABLE NON_REQUIRED # edges</Process><Process ToolSource="C:\Program Files\ArcGIS\ArcToolbox\Toolboxes\Data Management Tools.tbx\SelectLayerByAttribute" Date="20110323" Time="124104">SelectLayerByAttribute edges ADD_TO_SELECTION "CUMdrainAG IS NOT NULL" edges</Process><Process ToolSource="C:\Program Files\ArcGIS\ArcToolbox\Toolboxes\Data Management Tools.tbx\CalculateField" Date="20110323" Time="124115">CalculateField edges h2oAreaKm2 [CUMdrainAG] VB # edges</Process><Process ToolSource="C:\Program Files\ArcGIS\ArcToolbox\Toolboxes\Data Management Tools.tbx\SelectLayerByAttribute" Date="20110323" Time="124118">SelectLayerByAttribute edges CLEAR_SELECTION # edges</Process><Process ToolSource="C:\Program Files\ArcGIS\ArcToolbox\Toolboxes\Data Management Tools.tbx\AddField" Date="20110323" Time="125646">AddField F:\WorkSpace\NCEAS\AprWorkshop\lsn.mdb\edges upDist DOUBLE # # # # NULLABLE NON_REQUIRED # F:\WorkSpace\NCEAS\AprWorkshop\lsn.mdb\edges</Process><Process ToolSource="C:\Program Files\ArcGIS\ArcToolbox\Toolboxes\Data Management Tools.tbx\SelectLayerByAttribute" Date="20110323" Time="125650">SelectLayerByAttribute edgeLyr ADD_TO_SELECTION "Shape_Length IS NOT NULL" edgeLyr</Process><Process ToolSource="C:\Program Files\ArcGIS\ArcToolbox\Toolboxes\Data Management Tools.tbx\CalculateField" Date="20110323" Time="125702">CalculateField edgeLyr upDist [Shape_Length] VB # edgeLyr</Process><Process ToolSource="C:\Program Files\ArcGIS\ArcToolbox\Toolboxes\Data Management Tools.tbx\SelectLayerByAttribute" Date="20110323" Time="125704">SelectLayerByAttribute edgeLyr CLEAR_SELECTION # edgeLyr</Process><Process ToolSource="C:\Program Files\ArcGIS\ArcToolbox\Toolboxes\Data Management Tools.tbx\AddField" Date="20110323" Time="195516">AddField edges areaPI DOUBLE # # # # NULLABLE NON_REQUIRED # edges</Process><Process ToolSource="C:\Program Files\ArcGIS\ArcToolbox\Toolboxes\Data Management Tools.tbx\AddField" Date="20110323" Time="210711">AddField F:\WorkSpace\NCEAS\AprWorkshop\lsn.mdb\edges afvArea DOUBLE # # # # NULLABLE NON_REQUIRED # F:\WorkSpace\NCEAS\AprWorkshop\lsn.mdb\edges</Process><Process ToolSource="C:\Program Files\ArcGIS\ArcToolbox\Toolboxes\Data Management Tools.tbx\SelectLayerByAttribute" Date="20110323" Time="210715">SelectLayerByAttribute edgeLyr ADD_TO_SELECTION "areaPI IS NOT NULL" edgeLyr</Process><Process ToolSource="C:\Program Files\ArcGIS\ArcToolbox\Toolboxes\Data Management Tools.tbx\CalculateField" Date="20110323" Time="210728">CalculateField edgeLyr afvArea [areaPI] VB # edgeLyr</Process><Process ToolSource="C:\Program Files\ArcGIS\ArcToolbox\Toolboxes\Data Management Tools.tbx\SelectLayerByAttribute" Date="20110323" Time="210731">SelectLayerByAttribute edgeLyr CLEAR_SELECTION # edgeLyr</Process><Process ToolSource="C:\Program Files\ArcGIS\ArcToolbox\Toolboxes\Data Management Tools.tbx\AddField" Date="20110324" Time="100052">AddField edgeLyr netID LONG # # # # NULLABLE NON_REQUIRED # edgeLyr</Process><Process ToolSource="C:\Program Files\ArcGIS\ArcToolbox\Toolboxes\Data Management Tools.tbx\AddField" Date="20110324" Time="102915">AddField F:\WorkSpace\NCEAS\AprWorkshop\lsn.mdb\edges Length FLOAT # # # # NULLABLE NON_REQUIRED # F:\WorkSpace\NCEAS\AprWorkshop\lsn.mdb\edges</Process><Process ToolSource="C:\Program Files\ArcGIS\ArcToolbox\Toolboxes\Data Management Tools.tbx\CalculateField" Date="20110324" Time="102935">CalculateField F:\WorkSpace\NCEAS\AprWorkshop\lsn.mdb\edges Length float(!SHAPE.LENGTH!) PYTHON # F:\WorkSpace\NCEAS\AprWorkshop\lsn.mdb\edges</Process><Process ToolSource="C:\Program Files\ArcGIS\ArcToolbox\Toolboxes\Data Management Tools.tbx\DeleteField" Date="20110324" Time="150219">DeleteField edgeLyr netID edgeLyr</Process><Process ToolSource="C:\Program Files\ArcGIS\ArcToolbox\Toolboxes\Data Management Tools.tbx\AddField" Date="20110324" Time="150219">AddField edgeLyr netID LONG # # # # NULLABLE NON_REQUIRED # edgeLyr</Process><Process ToolSource="C:\Program Files\ArcGIS\ArcToolbox\Toolboxes\Data Management Tools.tbx\CalculateField" Date="20110324" Time="153209">CalculateField F:\WorkSpace\NCEAS\AprWorkshop\lsn.mdb\edges Length float(!SHAPE.LENGTH!) PYTHON # F:\WorkSpace\NCEAS\AprWorkshop\lsn.mdb\edges</Process><Process ToolSource="C:\Program Files\ArcGIS\ArcToolbox\Toolboxes\Data Management Tools.tbx\CopyFeatures" Date="20110324" Time="153340">CopyFeatures F:\WorkSpace\NCEAS\AprWorkshop\lsn.mdb\edges F:\WorkSpace\NCEAS\AprWorkshop\lsn.ssn\edges.shp # 0 0 0</Process><Process ToolSource="C:\Program Files (x86)\ArcGIS\ArcToolbox\Toolboxes\Data Management Tools.tbx\CalculateField" Date="20110326" Time="104930">CalculateField edges rid "[FID] - 1" VB # edges</Process><Process ToolSource="C:\Program Files (x86)\ArcGIS\ArcToolbox\Toolboxes\Data Management Tools.tbx\DeleteField" Date="20110326" Time="105436">DeleteField bk_streams rid;upDist;afvArea;Length;netID;Length bk_streams</Process><Process ToolSource="C:\Program Files (x86)\ArcGIS\ArcToolbox\Toolboxes\Data Management Tools.tbx\CopyFeatures" Date="20110326" Time="105532">CopyFeatures D:\projects\nceas\gisdata\lsns\final.sub\block.krige\bk_streams.shp D:\projects\nceas\gisdata\lsns\final.sub\block.krige\bklsn\bklsn.mdb\edges # 0 0 0</Process><Process ToolSource="C:\Program Files (x86)\ArcGIS\ArcToolbox\Toolboxes\Data Management Tools.tbx\AddField" Date="20110326" Time="105532">AddField D:\projects\nceas\gisdata\lsns\final.sub\block.krige\bklsn\bklsn.mdb\edges rid LONG 12 12 # # NULLABLE NON_REQUIRED # D:\projects\nceas\gisdata\lsns\final.sub\block.krige\bklsn\bklsn.mdb\edges</Process><Process ToolSource="C:\Program Files (x86)\ArcGIS\ArcToolbox\Toolboxes\Data Management Tools.tbx\CalculateField" Date="20110326" Time="105533">CalculateField D:\projects\nceas\gisdata\lsns\final.sub\block.krige\bklsn\bklsn.mdb\edges rid "[OBJECTID] - 1" VB # D:\projects\nceas\gisdata\lsns\final.sub\block.krige\bklsn\bklsn.mdb\edges</Process><Process ToolSource="C:\Program Files (x86)\ArcGIS\ArcToolbox\Toolboxes\Data Management Tools.tbx\AddField" Date="20110326" Time="105712">AddField edges afvArea DOUBLE # # # # NULLABLE NON_REQUIRED # edges</Process><Process ToolSource="C:\Program Files (x86)\ArcGIS\ArcToolbox\Toolboxes\Data Management Tools.tbx\SelectLayerByAttribute" Date="20110326" Time="105712">SelectLayerByAttribute edgeLyr ADD_TO_SELECTION "areaPI IS NOT NULL" edgeLyr</Process><Process ToolSource="C:\Program Files (x86)\ArcGIS\ArcToolbox\Toolboxes\Data Management Tools.tbx\CalculateField" Date="20110326" Time="105713">CalculateField edgeLyr afvArea [areaPI] VB # edgeLyr</Process><Process ToolSource="C:\Program Files (x86)\ArcGIS\ArcToolbox\Toolboxes\Data Management Tools.tbx\SelectLayerByAttribute" Date="20110326" Time="105713">SelectLayerByAttribute edgeLyr CLEAR_SELECTION # edgeLyr</Process><Process ToolSource="C:\Program Files (x86)\ArcGIS\ArcToolbox\Toolboxes\Data Management Tools.tbx\AddField" Date="20110326" Time="105800">AddField edges upDist DOUBLE # # # # NULLABLE NON_REQUIRED # edges</Process><Process ToolSource="C:\Program Files (x86)\ArcGIS\ArcToolbox\Toolboxes\Data Management Tools.tbx\SelectLayerByAttribute" Date="20110326" Time="105800">SelectLayerByAttribute edgeLyr ADD_TO_SELECTION "Shape_Length IS NOT NULL" edgeLyr</Process><Process ToolSource="C:\Program Files (x86)\ArcGIS\ArcToolbox\Toolboxes\Data Management Tools.tbx\CalculateField" Date="20110326" Time="105801">CalculateField edgeLyr upDist [Shape_Length] VB # edgeLyr</Process><Process ToolSource="C:\Program Files (x86)\ArcGIS\ArcToolbox\Toolboxes\Data Management Tools.tbx\SelectLayerByAttribute" Date="20110326" Time="105801">SelectLayerByAttribute edgeLyr CLEAR_SELECTION # edgeLyr</Process><Process ToolSource="C:\Program Files (x86)\ArcGIS\ArcToolbox\Toolboxes\Data Management Tools.tbx\SelectLayerByAttribute" Date="20110326" Time="112430">SelectLayerByAttribute edges ADD_TO_SELECTION "rid = 353 or rid = 416 or rid = 2022 or rid = 417 or rid = 354 or rid = 355 or rid = 2052 or rid = 418 or rid = 2043 or rid = 419 or rid = 2053 or rid = 356 or rid = 2030 or rid = 357 or rid = 2045 or rid = 420 or rid = 2070 or rid = 421 or rid = 2031 or rid = 358" edges</Process><Process ToolSource="C:\Program Files (x86)\ArcGIS\ArcToolbox\Toolboxes\Data Management Tools.tbx\SelectLayerByAttribute" Date="20110326" Time="112430">SelectLayerByAttribute edges ADD_TO_SELECTION "rid = 2037 or rid = 359 or rid = 422 or rid = 423 or rid = 2009 or rid = 2062 or rid = 2066 or rid = 360 or rid = 410 or rid = 361 or rid = 2081 or rid = 424 or rid = 458 or rid = 425 or rid = 2086 or rid = 411 or rid = 412 or rid = 789 or rid = 2038 or rid = 790" edges</Process><Process ToolSource="C:\Program Files (x86)\ArcGIS\ArcToolbox\Toolboxes\Data Management Tools.tbx\SelectLayerByAttribute" Date="20110326" Time="112430">SelectLayerByAttribute edges ADD_TO_SELECTION "rid = 362 or rid = 798 or rid = 363 or rid = 2064 or rid = 459 or rid = 460 or rid = 2077 or rid = 2078 or rid = 426 or rid = 436 or rid = 427 or rid = 413 or rid = 2102 or rid = 414 or rid = 791 or rid = 792 or rid = 799 or rid = 800 or rid = 405 or rid = 406" edges</Process><Process ToolSource="C:\Program Files (x86)\ArcGIS\ArcToolbox\Toolboxes\Data Management Tools.tbx\SelectLayerByAttribute" Date="20110326" Time="112430">SelectLayerByAttribute edges ADD_TO_SELECTION "rid = 364 or rid = 365 or rid = 2058 or rid = 2046 or rid = 461 or rid = 2060 or rid = 462 or rid = 2088 or rid = 2097 or rid = 437 or rid = 438 or rid = 2091 or rid = 428 or rid = 429 or rid = 2105 or rid = 415 or rid = 2026 or rid = 2306 or rid = 793 or rid = 794" edges</Process><Process ToolSource="C:\Program Files (x86)\ArcGIS\ArcToolbox\Toolboxes\Data Management Tools.tbx\SelectLayerByAttribute" Date="20110326" Time="112430">SelectLayerByAttribute edges ADD_TO_SELECTION "rid = 407 or rid = 2092 or rid = 408 or rid = 366 or rid = 801 or rid = 367 or rid = 2042 or rid = 2035 or rid = 2224 or rid = 2069 or rid = 463 or rid = 2039 or rid = 464 or rid = 2098 or rid = 2103 or rid = 2268 or rid = 439 or rid = 768 or rid = 2100 or rid = 2096" edges</Process><Process ToolSource="C:\Program Files (x86)\ArcGIS\ArcToolbox\Toolboxes\Data Management Tools.tbx\SelectLayerByAttribute" Date="20110326" Time="112430">SelectLayerByAttribute edges ADD_TO_SELECTION "rid = 430 or rid = 2107 or rid = 431 or rid = 2305 or rid = 2019 or rid = 795 or rid = 2307 or rid = 796 or rid = 2101 or rid = 2115 or rid = 409 or rid = 2044 or rid = 2032 or rid = 368 or rid = 2072 or rid = 369 or rid = 2068 or rid = 2020 or rid = 2011 or rid = 2055" edges</Process><Process ToolSource="C:\Program Files (x86)\ArcGIS\ArcToolbox\Toolboxes\Data Management Tools.tbx\SelectLayerByAttribute" Date="20110326" Time="112430">SelectLayerByAttribute edges ADD_TO_SELECTION "rid = 465 or rid = 758 or rid = 466 or rid = 440 or rid = 2314 or rid = 2118 or rid = 2095 or rid = 2122 or rid = 432 or rid = 2110 or rid = 433 or rid = 1997 or rid = 2308 or rid = 2004 or rid = 797 or rid = 2051 or rid = 370 or rid = 371 or rid = 2010 or rid = 2006" edges</Process><Process ToolSource="C:\Program Files (x86)\ArcGIS\ArcToolbox\Toolboxes\Data Management Tools.tbx\SelectLayerByAttribute" Date="20110326" Time="112430">SelectLayerByAttribute edges ADD_TO_SELECTION "rid = 1990 or rid = 1989 or rid = 759 or rid = 1968 or rid = 760 or rid = 2029 or rid = 2014 or rid = 2012 or rid = 467 or rid = 2059 or rid = 468 or rid = 769 or rid = 770 or rid = 441 or rid = 911 or rid = 442 or rid = 2125 or rid = 2111 or rid = 2127 or rid = 905" edges</Process><Process ToolSource="C:\Program Files (x86)\ArcGIS\ArcToolbox\Toolboxes\Data Management Tools.tbx\SelectLayerByAttribute" Date="20110326" Time="112430">SelectLayerByAttribute edges ADD_TO_SELECTION "rid = 2131 or rid = 906 or rid = 434 or rid = 2123 or rid = 435 or rid = 1991 or rid = 372 or rid = 373 or rid = 0 or rid = 1 or rid = 1993 or rid = 1977 or rid = 1973 or rid = 1976 or rid = 1967 or rid = 1992 or rid = 761 or rid = 762 or rid = 469 or rid = 2017" edges</Process><Process ToolSource="C:\Program Files (x86)\ArcGIS\ArcToolbox\Toolboxes\Data Management Tools.tbx\SelectLayerByAttribute" Date="20110326" Time="112430">SelectLayerByAttribute edges ADD_TO_SELECTION "rid = 470 or rid = 912 or rid = 2135 or rid = 913 or rid = 728 or rid = 2212 or rid = 443 or rid = 444 or rid = 2130 or rid = 2138 or rid = 907 or rid = 2216 or rid = 908 or rid = 802 or rid = 803 or rid = 374 or rid = 2057 or rid = 375 or rid = 840 or rid = 841" edges</Process><Process ToolSource="C:\Program Files (x86)\ArcGIS\ArcToolbox\Toolboxes\Data Management Tools.tbx\SelectLayerByAttribute" Date="20110326" Time="112431">SelectLayerByAttribute edges ADD_TO_SELECTION "rid = 2 or rid = 3 or rid = 2257 or rid = 1795 or rid = 2025 or rid = 763 or rid = 764 or rid = 2001 or rid = 1996 or rid = 2008 or rid = 471 or rid = 1966 or rid = 472 or rid = 2108 or rid = 2099 or rid = 729 or rid = 2119 or rid = 730 or rid = 445 or rid = 446" edges</Process><Process ToolSource="C:\Program Files (x86)\ArcGIS\ArcToolbox\Toolboxes\Data Management Tools.tbx\SelectLayerByAttribute" Date="20110326" Time="112431">SelectLayerByAttribute edges ADD_TO_SELECTION "rid = 2217 or rid = 2140 or rid = 909 or rid = 2147 or rid = 910 or rid = 2082 or rid = 2080 or rid = 804 or rid = 805 or rid = 376 or rid = 2049 or rid = 377 or rid = 842 or rid = 843 or rid = 2106 or rid = 4 or rid = 2104 or rid = 5 or rid = 2256 or rid = 1793" edges</Process><Process ToolSource="C:\Program Files (x86)\ArcGIS\ArcToolbox\Toolboxes\Data Management Tools.tbx\SelectLayerByAttribute" Date="20110326" Time="112431">SelectLayerByAttribute edges ADD_TO_SELECTION "rid = 2023 or rid = 2033 or rid = 2024 or rid = 765 or rid = 1981 or rid = 766 or rid = 1779 or rid = 1770 or rid = 473 or rid = 1778 or rid = 474 or rid = 2129 or rid = 2128 or rid = 2124 or rid = 2132 or rid = 731 or rid = 2133 or rid = 732 or rid = 447 or rid = 2079" edges</Process><Process ToolSource="C:\Program Files (x86)\ArcGIS\ArcToolbox\Toolboxes\Data Management Tools.tbx\SelectLayerByAttribute" Date="20110326" Time="112431">SelectLayerByAttribute edges ADD_TO_SELECTION "rid = 448 or rid = 2143 or rid = 2021 or rid = 2071 or rid = 378 or rid = 2047 or rid = 379 or rid = 844 or rid = 2112 or rid = 845 or rid = 6 or rid = 400 or rid = 7 or rid = 2041 or rid = 2034 or rid = 2016 or rid = 1998 or rid = 1979 or rid = 1994 or rid = 767" edges</Process><Process ToolSource="C:\Program Files (x86)\ArcGIS\ArcToolbox\Toolboxes\Data Management Tools.tbx\SelectLayerByAttribute" Date="20110326" Time="112431">SelectLayerByAttribute edges ADD_TO_SELECTION "rid = 1951 or rid = 1948 or rid = 475 or rid = 1763 or rid = 476 or rid = 2136 or rid = 2144 or rid = 2134 or rid = 2137 or rid = 733 or rid = 2076 or rid = 449 or rid = 2054 or rid = 450 or rid = 380 or rid = 2073 or rid = 381 or rid = 2113 or rid = 2126 or rid = 846" edges</Process><Process ToolSource="C:\Program Files (x86)\ArcGIS\ArcToolbox\Toolboxes\Data Management Tools.tbx\SelectLayerByAttribute" Date="20110326" Time="112431">SelectLayerByAttribute edges ADD_TO_SELECTION "rid = 847 or rid = 2139 or rid = 401 or rid = 2142 or rid = 402 or rid = 850 or rid = 2120 or rid = 851 or rid = 8 or rid = 854 or rid = 9 or rid = 1942 or rid = 1953 or rid = 477 or rid = 451 or rid = 2075 or rid = 452 or rid = 806 or rid = 2056 or rid = 807" edges</Process><Process ToolSource="C:\Program Files (x86)\ArcGIS\ArcToolbox\Toolboxes\Data Management Tools.tbx\SelectLayerByAttribute" Date="20110326" Time="112431">SelectLayerByAttribute edges ADD_TO_SELECTION "rid = 382 or rid = 383 or rid = 848 or rid = 849 or rid = 2151 or rid = 2145 or rid = 2152 or rid = 2146 or rid = 2153 or rid = 2161 or rid = 2155 or rid = 403 or rid = 2157 or rid = 404 or rid = 2121 or rid = 2109 or rid = 2114 or rid = 852 or rid = 853 or rid = 855" edges</Process><Process ToolSource="C:\Program Files (x86)\ArcGIS\ArcToolbox\Toolboxes\Data Management Tools.tbx\SelectLayerByAttribute" Date="20110326" Time="112431">SelectLayerByAttribute edges ADD_TO_SELECTION "rid = 856 or rid = 857 or rid = 10 or rid = 11 or rid = 2061 or rid = 453 or rid = 2050 or rid = 454 or rid = 816 or rid = 817 or rid = 808 or rid = 2063 or rid = 809 or rid = 2036 or rid = 384 or rid = 385 or rid = 2214 or rid = 2160 or rid = 2158 or rid = 2090" edges</Process><Process ToolSource="C:\Program Files (x86)\ArcGIS\ArcToolbox\Toolboxes\Data Management Tools.tbx\SelectLayerByAttribute" Date="20110326" Time="112431">SelectLayerByAttribute edges ADD_TO_SELECTION "rid = 2254 or rid = 2141 or rid = 12 or rid = 2148 or rid = 13 or rid = 2048 or rid = 455 or rid = 456 or rid = 2074 or rid = 2087 or rid = 2065 or rid = 2067 or rid = 2083 or rid = 810 or rid = 2084 or rid = 811 or rid = 818 or rid = 1985 or rid = 819 or rid = 386" edges</Process><Process ToolSource="C:\Program Files (x86)\ArcGIS\ArcToolbox\Toolboxes\Data Management Tools.tbx\SelectLayerByAttribute" Date="20110326" Time="112431">SelectLayerByAttribute edges ADD_TO_SELECTION "rid = 825 or rid = 387 or rid = 2213 or rid = 2164 or rid = 2149 or rid = 2150 or rid = 2159 or rid = 14 or rid = 2156 or rid = 394 or rid = 457 or rid = 2085 or rid = 2089 or rid = 812 or rid = 2094 or rid = 813 or rid = 2003 or rid = 1969 or rid = 1796 or rid = 820" edges</Process><Process ToolSource="C:\Program Files (x86)\ArcGIS\ArcToolbox\Toolboxes\Data Management Tools.tbx\SelectLayerByAttribute" Date="20110326" Time="112432">SelectLayerByAttribute edges ADD_TO_SELECTION "rid = 2013 or rid = 821 or rid = 1988 or rid = 1987 or rid = 826 or rid = 827 or rid = 1783 or rid = 388 or rid = 828 or rid = 389 or rid = 2154 or rid = 2162 or rid = 2163 or rid = 395 or rid = 2165 or rid = 396 or rid = 2093 or rid = 2117 or rid = 814 or rid = 2116" edges</Process><Process ToolSource="C:\Program Files (x86)\ArcGIS\ArcToolbox\Toolboxes\Data Management Tools.tbx\SelectLayerByAttribute" Date="20110326" Time="112432">SelectLayerByAttribute edges ADD_TO_SELECTION "rid = 815 or rid = 2215 or rid = 822 or rid = 823 or rid = 829 or rid = 1766 or rid = 830 or rid = 832 or rid = 1757 or rid = 833 or rid = 390 or rid = 391 or rid = 2167 or rid = 2168 or rid = 397 or rid = 2166 or rid = 398 or rid = 2007 or rid = 824 or rid = 1762" edges</Process><Process ToolSource="C:\Program Files (x86)\ArcGIS\ArcToolbox\Toolboxes\Data Management Tools.tbx\SelectLayerByAttribute" Date="20110326" Time="112432">SelectLayerByAttribute edges ADD_TO_SELECTION "rid = 831 or rid = 2233 or rid = 834 or rid = 1961 or rid = 835 or rid = 1933 or rid = 392 or rid = 1901 or rid = 393 or rid = 399 or rid = 2234 or rid = 1751 or rid = 2235 or rid = 836 or rid = 1765 or rid = 837 or rid = 1759 or rid = 1754 or rid = 838 or rid = 839" edges</Process><Process ToolSource="C:\Program Files (x86)\ArcGIS\ArcToolbox\Toolboxes\Data Management Tools.tbx\AddField" Date="20110326" Time="113344">AddField edgeLyr netID LONG # # # # NULLABLE NON_REQUIRED # edgeLyr</Process><Process ToolSource="C:\Program Files (x86)\ArcGIS\ArcToolbox\Toolboxes\Data Management Tools.tbx\AddField" Date="20110326" Time="113402">AddField edges Length FLOAT # # # # NULLABLE NON_REQUIRED # edges</Process><Process ToolSource="C:\Program Files (x86)\ArcGIS\ArcToolbox\Toolboxes\Data Management Tools.tbx\CalculateField" Date="20110326" Time="113404">CalculateField edges Length float(!SHAPE.LENGTH!) PYTHON # edges</Process><Process ToolSource="C:\Program Files (x86)\ArcGIS\ArcToolbox\Toolboxes\Data Management Tools.tbx\CopyFeatures" Date="20110326" Time="113411">CopyFeatures edges D:\projects\nceas\gisdata\lsns\final.sub\block.krige\bklsn\bklsn.ssn\edges.shp # 0 0 0</Process><Process ToolSource="C:\Program Files (x86)\ArcGIS\ArcToolbox\Toolboxes\Data Management Tools.tbx\DeleteField" Date="20121029" Time="165108">DeleteField streams rid;bk_sub;netID streams</Process><Process ToolSource="C:\Program Files (x86)\ArcGIS\ArcToolbox\Toolboxes\Data Management Tools.tbx\DeleteField" Date="20121029" Time="165255">DeleteField streams areaPI;afvArea;upDist streams</Process><Process ToolSource="C:\Program Files (x86)\ArcGIS\ArcToolbox\Toolboxes\Data Management Tools.tbx\CopyFeatures" Date="20121029" Time="170443">CopyFeatures D:\projects\nceas\gisdata\lsns\MF04_subset\streams.shp D:\projects\nceas\gisdata\lsns\MiddleFork04\MiddleFork04.mdb\edges # 0 0 0</Process><Process ToolSource="C:\Program Files (x86)\ArcGIS\ArcToolbox\Toolboxes\Data Management Tools.tbx\AddField" Date="20121029" Time="170443">AddField D:\projects\nceas\gisdata\lsns\MiddleFork04\MiddleFork04.mdb\edges rid LONG 12 12 # # NULLABLE NON_REQUIRED # D:\projects\nceas\gisdata\lsns\MiddleFork04\MiddleFork04.mdb\edges</Process><Process ToolSource="C:\Program Files (x86)\ArcGIS\ArcToolbox\Toolboxes\Data Management Tools.tbx\CalculateField" Date="20121029" Time="170443">CalculateField D:\projects\nceas\gisdata\lsns\MiddleFork04\MiddleFork04.mdb\edges rid "[OBJECTID] - 1" VB # D:\projects\nceas\gisdata\lsns\MiddleFork04\MiddleFork04.mdb\edges</Process><Process ToolSource="C:\Program Files (x86)\ArcGIS\ArcToolbox\Toolboxes\Data Management Tools.tbx\SelectLayerByAttribute" Date="20121029" Time="170627">SelectLayerByAttribute edges ADD_TO_SELECTION "rid = 3 or rid = 4 or rid = 26 or rid = 133 or rid = 27 or rid = 5 or rid = 81 or rid = 6 or rid = 112 or rid = 82 or rid = 83 or rid = 85 or rid = 86 or rid = 7 or rid = 21 or rid = 8 or rid = 84 or rid = 108 or rid = 87 or rid = 22" edges</Process><Process ToolSource="C:\Program Files (x86)\ArcGIS\ArcToolbox\Toolboxes\Data Management Tools.tbx\SelectLayerByAttribute" Date="20121029" Time="170627">SelectLayerByAttribute edges ADD_TO_SELECTION "rid = 23 or rid = 9 or rid = 10 or rid = 136 or rid = 142 or rid = 24 or rid = 25 or rid = 88 or rid = 11 or rid = 115 or rid = 12 or rid = 148 or rid = 110 or rid = 127 or rid = 13 or rid = 117 or rid = 14 or rid = 15 or rid = 16 or rid = 0" edges</Process><Process ToolSource="C:\Program Files (x86)\ArcGIS\ArcToolbox\Toolboxes\Data Management Tools.tbx\SelectLayerByAttribute" Date="20121029" Time="170705">SelectLayerByAttribute edges ADD_TO_SELECTION "rid = 4" edges</Process><Process ToolSource="C:\Program Files (x86)\ArcGIS\ArcToolbox\Toolboxes\Data Management Tools.tbx\SelectLayerByAttribute" Date="20121029" Time="170705">SelectLayerByAttribute edges ADD_TO_SELECTION "rid = 5" edges</Process><Process ToolSource="C:\Program Files (x86)\ArcGIS\ArcToolbox\Toolboxes\Data Management Tools.tbx\SelectLayerByAttribute" Date="20121029" Time="170705">SelectLayerByAttribute edges ADD_TO_SELECTION "rid = 6" edges</Process><Process ToolSource="C:\Program Files (x86)\ArcGIS\ArcToolbox\Toolboxes\Data Management Tools.tbx\SelectLayerByAttribute" Date="20121029" Time="170705">SelectLayerByAttribute edges ADD_TO_SELECTION "rid = 7" edges</Process><Process ToolSource="C:\Program Files (x86)\ArcGIS\ArcToolbox\Toolboxes\Data Management Tools.tbx\SelectLayerByAttribute" Date="20121029" Time="170706">SelectLayerByAttribute edges ADD_TO_SELECTION "rid = 8" edges</Process><Process ToolSource="C:\Program Files (x86)\ArcGIS\ArcToolbox\Toolboxes\Data Management Tools.tbx\SelectLayerByAttribute" Date="20121029" Time="170706">SelectLayerByAttribute edges ADD_TO_SELECTION "rid = 9" edges</Process><Process ToolSource="C:\Program Files (x86)\ArcGIS\ArcToolbox\Toolboxes\Data Management Tools.tbx\SelectLayerByAttribute" Date="20121029" Time="170706">SelectLayerByAttribute edges ADD_TO_SELECTION "rid = 10" edges</Process><Process ToolSource="C:\Program Files (x86)\ArcGIS\ArcToolbox\Toolboxes\Data Management Tools.tbx\SelectLayerByAttribute" Date="20121029" Time="170706">SelectLayerByAttribute edges ADD_TO_SELECTION "rid = 11" edges</Process><Process ToolSource="C:\Program Files (x86)\ArcGIS\ArcToolbox\Toolboxes\Data Management Tools.tbx\SelectLayerByAttribute" Date="20121029" Time="170706">SelectLayerByAttribute edges ADD_TO_SELECTION "rid = 12" edges</Process><Process ToolSource="C:\Program Files (x86)\ArcGIS\ArcToolbox\Toolboxes\Data Management Tools.tbx\SelectLayerByAttribute" Date="20121029" Time="170706">SelectLayerByAttribute edges ADD_TO_SELECTION "rid = 13" edges</Process><Process ToolSource="C:\Program Files (x86)\ArcGIS\ArcToolbox\Toolboxes\Data Management Tools.tbx\SelectLayerByAttribute" Date="20121029" Time="170706">SelectLayerByAttribute edges ADD_TO_SELECTION "rid = 14" edges</Process><Process ToolSource="C:\Program Files (x86)\ArcGIS\ArcToolbox\Toolboxes\Data Management Tools.tbx\SelectLayerByAttribute" Date="20121029" Time="170706">SelectLayerByAttribute edges ADD_TO_SELECTION "rid = 15" edges</Process><Process ToolSource="C:\Program Files (x86)\ArcGIS\ArcToolbox\Toolboxes\Data Management Tools.tbx\SelectLayerByAttribute" Date="20121029" Time="170706">SelectLayerByAttribute edges ADD_TO_SELECTION "rid = 16" edges</Process><Process ToolSource="C:\Program Files (x86)\ArcGIS\ArcToolbox\Toolboxes\Data Management Tools.tbx\SelectLayerByAttribute" Date="20121029" Time="170706">SelectLayerByAttribute edges ADD_TO_SELECTION "rid = 17" edges</Process><Process ToolSource="C:\Program Files (x86)\ArcGIS\ArcToolbox\Toolboxes\Data Management Tools.tbx\SelectLayerByAttribute" Date="20121029" Time="170706">SelectLayerByAttribute edges ADD_TO_SELECTION "rid = 18" edges</Process><Process ToolSource="C:\Program Files (x86)\ArcGIS\ArcToolbox\Toolboxes\Data Management Tools.tbx\SelectLayerByAttribute" Date="20121029" Time="170706">SelectLayerByAttribute edges ADD_TO_SELECTION "rid = 19" edges</Process><Process ToolSource="C:\Program Files (x86)\ArcGIS\ArcToolbox\Toolboxes\Data Management Tools.tbx\SelectLayerByAttribute" Date="20121029" Time="170706">SelectLayerByAttribute edges ADD_TO_SELECTION "rid = 20" edges</Process><Process ToolSource="C:\Program Files (x86)\ArcGIS\ArcToolbox\Toolboxes\Data Management Tools.tbx\AddField" Date="20121029" Time="171022">AddField edges acc_down DOUBLE # # # # NULLABLE NON_REQUIRED # edges</Process><Process ToolSource="C:\Program Files (x86)\ArcGIS\ArcToolbox\Toolboxes\Data Management Tools.tbx\SelectLayerByAttribute" Date="20121029" Time="171022">SelectLayerByAttribute edges ADD_TO_SELECTION "test IS NOT NULL" edges</Process><Process ToolSource="C:\Program Files (x86)\ArcGIS\ArcToolbox\Toolboxes\Data Management Tools.tbx\CalculateField" Date="20121029" Time="171022">CalculateField edges acc_down [test] VB # edges</Process><Process ToolSource="C:\Program Files (x86)\ArcGIS\ArcToolbox\Toolboxes\Data Management Tools.tbx\SelectLayerByAttribute" Date="20121029" Time="171023">SelectLayerByAttribute edges CLEAR_SELECTION # edges</Process><Process ToolSource="C:\Program Files (x86)\ArcGIS\ArcToolbox\Toolboxes\Data Management Tools.tbx\AddField" Date="20121030" Time="094142">AddField edges areaPI DOUBLE # # # # NULLABLE NON_REQUIRED # edges</Process><Process ToolSource="C:\Program Files (x86)\ArcGIS\ArcToolbox\Toolboxes\Data Management Tools.tbx\AddField" Date="20121030" Time="094342">AddField edges afvArea DOUBLE # # # # NULLABLE NON_REQUIRED # edges</Process><Process ToolSource="C:\Program Files (x86)\ArcGIS\ArcToolbox\Toolboxes\Data Management Tools.tbx\SelectLayerByAttribute" Date="20121030" Time="094343">SelectLayerByAttribute edgeLyr ADD_TO_SELECTION "areaPI IS NOT NULL" edgeLyr</Process><Process ToolSource="C:\Program Files (x86)\ArcGIS\ArcToolbox\Toolboxes\Data Management Tools.tbx\CalculateField" Date="20121030" Time="094343">CalculateField edgeLyr afvArea [areaPI] VB # edgeLyr</Process><Process ToolSource="C:\Program Files (x86)\ArcGIS\ArcToolbox\Toolboxes\Data Management Tools.tbx\SelectLayerByAttribute" Date="20121030" Time="094343">SelectLayerByAttribute edgeLyr CLEAR_SELECTION # edgeLyr</Process><Process ToolSource="C:\Program Files (x86)\ArcGIS\ArcToolbox\Toolboxes\Data Management Tools.tbx\AddField" Date="20121030" Time="094419">AddField edges afvArea DOUBLE # # # # NULLABLE NON_REQUIRED # edges</Process><Process ToolSource="C:\Program Files (x86)\ArcGIS\ArcToolbox\Toolboxes\Data Management Tools.tbx\SelectLayerByAttribute" Date="20121030" Time="094420">SelectLayerByAttribute edgeLyr ADD_TO_SELECTION "areaPI IS NOT NULL" edgeLyr</Process><Process ToolSource="C:\Program Files (x86)\ArcGIS\ArcToolbox\Toolboxes\Data Management Tools.tbx\CalculateField" Date="20121030" Time="094420">CalculateField edgeLyr afvArea [areaPI] VB # edgeLyr</Process><Process ToolSource="C:\Program Files (x86)\ArcGIS\ArcToolbox\Toolboxes\Data Management Tools.tbx\SelectLayerByAttribute" Date="20121030" Time="094420">SelectLayerByAttribute edgeLyr CLEAR_SELECTION # edgeLyr</Process><Process ToolSource="C:\Program Files (x86)\ArcGIS\ArcToolbox\Toolboxes\Data Management Tools.tbx\AddField" Date="20121030" Time="094529">AddField edges upDist DOUBLE # # # # NULLABLE NON_REQUIRED # edges</Process><Process ToolSource="C:\Program Files (x86)\ArcGIS\ArcToolbox\Toolboxes\Data Management Tools.tbx\SelectLayerByAttribute" Date="20121030" Time="094530">SelectLayerByAttribute edgeLyr ADD_TO_SELECTION "SHAPE_LENG IS NOT NULL" edgeLyr</Process><Process ToolSource="C:\Program Files (x86)\ArcGIS\ArcToolbox\Toolboxes\Data Management Tools.tbx\CalculateField" Date="20121030" Time="094530">CalculateField edgeLyr upDist [SHAPE_LENG] VB # edgeLyr</Process><Process ToolSource="C:\Program Files (x86)\ArcGIS\ArcToolbox\Toolboxes\Data Management Tools.tbx\SelectLayerByAttribute" Date="20121030" Time="094530">SelectLayerByAttribute edgeLyr CLEAR_SELECTION # edgeLyr</Process><Process ToolSource="C:\Program Files (x86)\ArcGIS\ArcToolbox\Toolboxes\Data Management Tools.tbx\AddField" Date="20121030" Time="094635">AddField edges upDist DOUBLE # # # # NULLABLE NON_REQUIRED # edges</Process><Process ToolSource="C:\Program Files (x86)\ArcGIS\ArcToolbox\Toolboxes\Data Management Tools.tbx\SelectLayerByAttribute" Date="20121030" Time="094635">SelectLayerByAttribute edgeLyr ADD_TO_SELECTION "Shape_Length IS NOT NULL" edgeLyr</Process><Process ToolSource="C:\Program Files (x86)\ArcGIS\ArcToolbox\Toolboxes\Data Management Tools.tbx\CalculateField" Date="20121030" Time="094636">CalculateField edgeLyr upDist [Shape_Length] VB # edgeLyr</Process><Process ToolSource="C:\Program Files (x86)\ArcGIS\ArcToolbox\Toolboxes\Data Management Tools.tbx\SelectLayerByAttribute" Date="20121030" Time="094636">SelectLayerByAttribute edgeLyr CLEAR_SELECTION # edgeLyr</Process><Process ToolSource="C:\Program Files (x86)\ArcGIS\ArcToolbox\Toolboxes\Data Management Tools.tbx\AddField" Date="20121030" Time="095459">AddField edgeLyr netID LONG # # # # NULLABLE NON_REQUIRED # edgeLyr</Process><Process ToolSource="C:\Program Files (x86)\ArcGIS\ArcToolbox\Toolboxes\Data Management Tools.tbx\AddField" Date="20121030" Time="095500">AddField edges Length FLOAT # # # # NULLABLE NON_REQUIRED # edges</Process><Process ToolSource="C:\Program Files (x86)\ArcGIS\ArcToolbox\Toolboxes\Data Management Tools.tbx\CalculateField" Date="20121030" Time="095501">CalculateField edges Length float(!SHAPE.LENGTH!) PYTHON # edges</Process><Process ToolSource="C:\Program Files (x86)\ArcGIS\ArcToolbox\Toolboxes\Data Management Tools.tbx\DeleteField" Date="20121030" Time="095529">DeleteField edgeLyr netID edgeLyr</Process><Process ToolSource="C:\Program Files (x86)\ArcGIS\ArcToolbox\Toolboxes\Data Management Tools.tbx\AddField" Date="20121030" Time="095529">AddField edgeLyr netID LONG # # # # NULLABLE NON_REQUIRED # edgeLyr</Process><Process ToolSource="C:\Program Files (x86)\ArcGIS\ArcToolbox\Toolboxes\Data Management Tools.tbx\CalculateField" Date="20121030" Time="095530">CalculateField edges Length float(!SHAPE.LENGTH!) PYTHON # edges</Process><Process ToolSource="C:\Program Files (x86)\ArcGIS\ArcToolbox\Toolboxes\Data Management Tools.tbx\CopyFeatures" Date="20121030" Time="095537">CopyFeatures edges D:\projects\nceas\gisdata\lsns\MiddleFork04\MiddleFork04.ssn\edges.shp # 0 0 0</Process></lineage></DataProperties><MetaID>{4A428842-5AD3-41BF-BC85-1767D60D86E5}</MetaID></Esri><idinfo><native Sync="TRUE">Microsoft Windows Vista Version 6.1 (Build 7601) Service Pack 1; ESRI ArcCatalog 9.3.1.4000</native><descript><langdata Sync="TRUE">en</langdata><abstract>REQUIRED: A brief narrative summary of the data set.</abstract><purpose>REQUIRED: A summary of the intentions with which the data set was developed.</purpose></descript><citation><citeinfo><origin>REQUIRED: The name of an organization or individual that developed the data set.</origin><pubdate>REQUIRED: The date when the data set is published or otherwise made available for release.</pubdate><title Sync="TRUE">edges</title><ftname Sync="TRUE">edges</ftname><geoform Sync="TRUE">vector digital data</geoform><onlink Sync="TRUE">\\LILY-DP\D$\projects\nceas\gisdata\lsns\MiddleFork04\MiddleFork04.ssn\edges.shp</onlink></citeinfo></citation><timeperd><current>REQUIRED: The basis on which the time period of content information is determined.</current><timeinfo><sngdate><caldate>REQUIRED: The year (and optionally month, or month and day) for which the data set corresponds to the ground.</caldate></sngdate></timeinfo></timeperd><status><progress>REQUIRED: The state of the data set.</progress><update>REQUIRED: The frequency with which changes and additions are made to the data set after the initial data set is completed.</update></status><spdom><bounding><westbc Sync="TRUE">-119.414899</westbc><eastbc Sync="TRUE">-112.909193</eastbc><northbc Sync="TRUE">48.036726</northbc><southbc Sync="TRUE">43.280720</southbc></bounding><lboundng><leftbc Sync="TRUE">-1765346.185700</leftbc><rightbc Sync="TRUE">-1343175.355500</rightbc><bottombc Sync="TRUE">2459842.815600</bottombc><topbc Sync="TRUE">2909566.547000</topbc></lboundng></spdom><keywords><theme><themekt>REQUIRED: Reference to a formally registered thesaurus or a similar authoritative source of theme keywords.</themekt><themekey>REQUIRED: Common-use word or phrase used to describe the subject of the data set.</themekey></theme></keywords><accconst>REQUIRED: Restrictions and legal prerequisites for accessing the data set.</accconst><useconst>REQUIRED: Restrictions and legal prerequisites for using the data set after access is granted.</useconst><natvform Sync="TRUE">Shapefile</natvform></idinfo><dataIdInfo><envirDesc Sync="TRUE">Microsoft Windows Vista Version 6.1 (Build 7601) Service Pack 1; ESRI ArcCatalog 9.3.1.4000</envirDesc><dataLang><languageCode Sync="TRUE" value="en"></languageCode></dataLang><idCitation><resTitle Sync="TRUE">edges</resTitle><presForm><PresFormCd Sync="TRUE" value="005"></PresFormCd></presForm></idCitation><spatRpType><SpatRepTypCd Sync="TRUE" value="001"></SpatRepTypCd></spatRpType><dataExt><geoEle><GeoBndBox esriExtentType="native"><westBL Sync="TRUE">-1765346.1857</westBL><eastBL Sync="TRUE">-1343175.3555</eastBL><northBL Sync="TRUE">2909566.547</northBL><southBL Sync="TRUE">2459842.8156</southBL><exTypeCode Sync="TRUE">1</exTypeCode></GeoBndBox></geoEle></dataExt><geoBox esriExtentType="decdegrees"><westBL Sync="TRUE">-119.414899</westBL><eastBL Sync="TRUE">-112.909193</eastBL><northBL Sync="TRUE">48.036726</northBL><southBL Sync="TRUE">43.28072</southBL><exTypeCode Sync="TRUE">1</exTypeCode></geoBox></dataIdInfo><metainfo><langmeta Sync="TRUE">en</langmeta><metstdn Sync="TRUE">FGDC Content Standards for Digital Geospatial Metadata</metstdn><metstdv Sync="TRUE">FGDC-STD-001-1998</metstdv><mettc Sync="TRUE">local time</mettc><metc><cntinfo><cntorgp><cntper>REQUIRED: The person responsible for the metadata information.</cntper><cntorg>REQUIRED: The organization responsible for the metadata information.</cntorg></cntorgp><cntaddr><addrtype>REQUIRED: The mailing and/or physical address for the organization or individual.</addrtype><city>REQUIRED: The city of the address.</city><state>REQUIRED: The state or province of the address.</state><postal>REQUIRED: The ZIP or other postal code of the address.</postal></cntaddr><cntvoice>REQUIRED: The telephone number by which individuals can speak to the organization or individual.</cntvoice></cntinfo></metc><metd Sync="TRUE">20121030</metd><metextns><onlink Sync="TRUE">http://www.esri.com/metadata/esriprof80.html</onlink><metprof Sync="TRUE">ESRI Metadata Profile</metprof></metextns></metainfo><mdLang><languageCode Sync="TRUE" value="en"></languageCode></mdLang><mdStanName Sync="TRUE">ISO 19115 Geographic Information - Metadata</mdStanName><mdStanVer Sync="TRUE">DIS_ESRI1.0</mdStanVer><mdChar><CharSetCd Sync="TRUE" value="004"></CharSetCd></mdChar><mdHrLv><ScopeCd Sync="TRUE" value="005"></ScopeCd></mdHrLv><mdHrLvName Sync="TRUE">dataset</mdHrLvName><distinfo><resdesc Sync="TRUE">Downloadable Data</resdesc><stdorder><digform><digtinfo><transize Sync="TRUE">0.000</transize><dssize Sync="TRUE">0.000</dssize></digtinfo></digform></stdorder></distinfo><distInfo><distributor><distorTran><onLineSrc><orDesc Sync="TRUE">002</orDesc><linkage Sync="TRUE">file://\\LILY-DP\D$\projects\nceas\gisdata\lsns\MiddleFork04\MiddleFork04.ssn\edges.shp</linkage><protocol Sync="TRUE">Local Area Network</protocol></onLineSrc><transSize Sync="TRUE">0.000</transSize></distorTran><distorFormat><formatName Sync="TRUE">Shapefile</formatName></distorFormat></distributor></distInfo><spdoinfo><direct Sync="TRUE">Vector</direct><ptvctinf><esriterm Name="edges"><efeatyp Sync="TRUE">Simple</efeatyp><efeageom Sync="TRUE">Polyline</efeageom><esritopo Sync="TRUE">FALSE</esritopo><efeacnt Sync="TRUE">0</efeacnt><spindex Sync="TRUE">FALSE</spindex><linrefer Sync="TRUE">FALSE</linrefer></esriterm><sdtsterm Name="edges"><sdtstype Sync="TRUE">String</sdtstype><ptvctcnt Sync="TRUE">0</ptvctcnt></sdtsterm></ptvctinf></spdoinfo><spref><horizsys><cordsysn><geogcsn Sync="TRUE">GCS_North_American_1983</geogcsn><projcsn Sync="TRUE">USA_Contiguous_Albers_Equal_Area_Conic_USGS_version</projcsn></cordsysn><planar><planci><plance Sync="TRUE">coordinate pair</plance><plandu Sync="TRUE">meters</plandu><coordrep><absres Sync="TRUE">0.000000</absres><ordres Sync="TRUE">0.000000</ordres></coordrep></planci><mapproj><mapprojn Sync="TRUE">Albers Conical Equal Area</mapprojn><albers><stdparll Sync="TRUE">29.500000</stdparll><stdparll Sync="TRUE">45.500000</stdparll><longcm Sync="TRUE">-96.000000</longcm><latprjo Sync="TRUE">23.000000</latprjo><feast Sync="TRUE">0.000000</feast><fnorth Sync="TRUE">0.000000</fnorth></albers></mapproj></planar><geodetic><horizdn Sync="TRUE">North American Datum of 1983</horizdn><ellips Sync="TRUE">Geodetic Reference System 80</ellips><semiaxis Sync="TRUE">6378137.000000</semiaxis><denflat Sync="TRUE">298.257222</denflat></geodetic></horizsys></spref><refSysInfo><RefSystem><refSysID><identCode Sync="TRUE">USA_Contiguous_Albers_Equal_Area_Conic_USGS_version</identCode></refSysID></RefSystem></refSysInfo><spatRepInfo><VectSpatRep><topLvl><TopoLevCd Sync="TRUE" value="001"></TopoLevCd></topLvl><geometObjs Name="edges"><geoObjTyp><GeoObjTypCd Sync="TRUE" value="001"></GeoObjTypCd></geoObjTyp><geoObjCnt Sync="TRUE">0</geoObjCnt></geometObjs></VectSpatRep></spatRepInfo><eainfo><detailed Name="edges"><enttyp><enttypl Sync="TRUE">edges</enttypl><enttypt Sync="TRUE">Feature Class</enttypt><enttypc Sync="TRUE">0</enttypc></enttyp><attr><attrlabl Sync="TRUE">FID</attrlabl><attalias Sync="TRUE">FID</attalias><attrtype Sync="TRUE">OID</attrtype><attwidth Sync="TRUE">4</attwidth><atprecis Sync="TRUE">0</atprecis><attscale Sync="TRUE">0</attscale><attrdef Sync="TRUE">Internal feature number.</attrdef><attrdefs Sync="TRUE">ESRI</attrdefs><attrdomv><udom Sync="TRUE">Sequential unique whole numbers that are automatically generated.</udom></attrdomv></attr><attr><attrlabl Sync="TRUE">Shape</attrlabl><attalias Sync="TRUE">Shape</attalias><attrtype Sync="TRUE">Geometry</attrtype><attwidth Sync="TRUE">0</attwidth><atprecis Sync="TRUE">0</atprecis><attscale Sync="TRUE">0</attscale><attrdef Sync="TRUE">Feature geometry.</attrdef><attrdefs Sync="TRUE">ESRI</attrdefs><attrdomv><udom Sync="TRUE">Coordinates defining the features.</udom></attrdomv></attr><attr><attrlabl Sync="TRUE">COMID</attrlabl><attalias Sync="TRUE">COMID</attalias><attrtype Sync="TRUE">Number</attrtype><attwidth Sync="TRUE">9</attwidth></attr><attr><attrlabl Sync="TRUE">FDATE</attrlabl><attalias Sync="TRUE">FDATE</attalias><attrtype Sync="TRUE">Date</attrtype><attwidth Sync="TRUE">8</attwidth></attr><attr><attrlabl Sync="TRUE">RESOLUTION</attrlabl><attalias Sync="TRUE">RESOLUTION</attalias><attrtype Sync="TRUE">String</attrtype><attwidth Sync="TRUE">7</attwidth></attr><attr><attrlabl Sync="TRUE">GNIS_ID</attrlabl><attalias Sync="TRUE">GNIS_ID</attalias><attrtype Sync="TRUE">String</attrtype><attwidth Sync="TRUE">10</attwidth></attr><attr><attrlabl Sync="TRUE">GNIS_NAME</attrlabl><attalias Sync="TRUE">GNIS_NAME</attalias><attrtype Sync="TRUE">String</attrtype><attwidth Sync="TRUE">65</attwidth></attr><attr><attrlabl Sync="TRUE">LENGTHKM</attrlabl><attalias Sync="TRUE">LENGTHKM</attalias><attrtype Sync="TRUE">Float</attrtype><attwidth Sync="TRUE">19</attwidth><atnumdec Sync="TRUE">11</atnumdec></attr><attr><attrlabl Sync="TRUE">REACHCODE</attrlabl><attalias Sync="TRUE">REACHCODE</attalias><attrtype Sync="TRUE">String</attrtype><attwidth Sync="TRUE">14</attwidth></attr><attr><attrlabl Sync="TRUE">FLOWDIR</attrlabl><attalias Sync="TRUE">FLOWDIR</attalias><attrtype Sync="TRUE">String</attrtype><attwidth Sync="TRUE">15</attwidth></attr><attr><attrlabl Sync="TRUE">WBAREACOMI</attrlabl><attalias Sync="TRUE">WBAREACOMI</attalias><attrtype Sync="TRUE">Number</attrtype><attwidth Sync="TRUE">9</attwidth></attr><attr><attrlabl Sync="TRUE">FTYPE</attrlabl><attalias Sync="TRUE">FTYPE</attalias><attrtype Sync="TRUE">String</attrtype><attwidth Sync="TRUE">24</attwidth></attr><attr><attrlabl Sync="TRUE">FCODE</attrlabl><attalias Sync="TRUE">FCODE</attalias><attrtype Sync="TRUE">Number</attrtype><attwidth Sync="TRUE">9</attwidth></attr><attr><attrlabl Sync="TRUE">SHAPE_LENG</attrlabl><attalias Sync="TRUE">Shape_Leng</attalias><attrtype Sync="TRUE">Double</attrtype><attwidth Sync="TRUE">19</attwidth><atprecis Sync="TRUE">0</atprecis><attscale Sync="TRUE">0</attscale></attr><attr><attrlabl Sync="TRUE">CUMdrainAG</attrlabl><attalias Sync="TRUE">CUMdrainAG</attalias><attrtype Sync="TRUE">Float</attrtype><attwidth Sync="TRUE">19</attwidth><atnumdec Sync="TRUE">11</atnumdec></attr><attr><attrlabl Sync="TRUE">MAXELEVSMO</attrlabl><attalias Sync="TRUE">MAXELEVSMO</attalias><attrtype Sync="TRUE">Float</attrtype><attwidth Sync="TRUE">19</attwidth><atnumdec Sync="TRUE">11</atnumdec></attr><attr><attrlabl Sync="TRUE">AREAWTMAP</attrlabl><attalias Sync="TRUE">AREAWTMAP</attalias><attrtype Sync="TRUE">Float</attrtype><attwidth Sync="TRUE">19</attwidth><atnumdec Sync="TRUE">11</atnumdec></attr><attr><attrlabl Sync="TRUE">SLOPE</attrlabl><attalias Sync="TRUE">SLOPE</attalias><attrtype Sync="TRUE">Float</attrtype><attwidth Sync="TRUE">19</attwidth><atnumdec Sync="TRUE">11</atnumdec></attr><attr><attrlabl Sync="TRUE">HUC3</attrlabl><attalias Sync="TRUE">HUC3</attalias><attrtype Sync="TRUE">Number</attrtype><attwidth Sync="TRUE">9</attwidth></attr><attr><attrlabl Sync="TRUE">HUC4</attrlabl><attalias Sync="TRUE">HUC4</attalias><attrtype Sync="TRUE">Number</attrtype><attwidth Sync="TRUE">9</attwidth></attr><attr><attrlabl Sync="TRUE">h2oAreaKm2</attrlabl><attalias Sync="TRUE">h2oAreaKm2</attalias><attrtype Sync="TRUE">Float</attrtype><attwidth Sync="TRUE">19</attwidth><atnumdec Sync="TRUE">11</atnumdec></attr><attr><attrlabl Sync="TRUE">rid</attrlabl><attalias Sync="TRUE">rid</attalias><attrtype Sync="TRUE">Number</attrtype><attwidth Sync="TRUE">9</attwidth></attr><attr><attrlabl Sync="TRUE">areaPI</attrlabl><attalias Sync="TRUE">areaPI</attalias><attrtype Sync="TRUE">Float</attrtype><attwidth Sync="TRUE">19</attwidth><atnumdec Sync="TRUE">11</atnumdec></attr><attr><attrlabl Sync="TRUE">afvArea</attrlabl><attalias Sync="TRUE">afvArea</attalias><attrtype Sync="TRUE">Float</attrtype><attwidth Sync="TRUE">19</attwidth><atnumdec Sync="TRUE">11</atnumdec></attr><attr><attrlabl Sync="TRUE">upDist</attrlabl><attalias Sync="TRUE">upDist</attalias><attrtype Sync="TRUE">Float</attrtype><attwidth Sync="TRUE">19</attwidth><atnumdec Sync="TRUE">11</atnumdec></attr><attr><attrlabl Sync="TRUE">Length</attrlabl><attalias Sync="TRUE">Length</attalias><attrtype Sync="TRUE">Float</attrtype><attwidth Sync="TRUE">13</attwidth><atnumdec Sync="TRUE">11</atnumdec></attr><attr><attrlabl Sync="TRUE">netID</attrlabl><attalias Sync="TRUE">netID</attalias><attrtype Sync="TRUE">Number</attrtype><attwidth Sync="TRUE">9</attwidth></attr></detailed></eainfo><mdDateSt Sync="TRUE">20121030</mdDateSt><dataqual><lineage><procstep><procdesc Sync="TRUE">Dataset copied.</procdesc><srcused Sync="TRUE">F:\WorkSpace\NCEAS\FINAL\Streams</srcused><procdate Sync="TRUE">20110323</procdate><proctime Sync="TRUE">12225300</proctime></procstep><procstep><procdesc Sync="TRUE">Dataset copied.</procdesc><srcused Sync="TRUE"></srcused><procdate Sync="TRUE">20110326</procdate><proctime Sync="TRUE">10530800</proctime></procstep><procstep><procdesc Sync="TRUE">Dataset copied.</procdesc><srcused Sync="TRUE"></srcused><procdate Sync="TRUE">20121029</procdate><proctime Sync="TRUE">13341300</proctime></procstep></lineage></dataqual></metadata>
