<?xml version="1.0"?>
<!--<!DOCTYPE metadata SYSTEM "http://www.esri.com/metadata/esriprof80.dtd">-->
<metadata xml:lang="en"><Esri><CreaDate>20110314</CreaDate><CreaTime>16310900</CreaTime><SyncOnce>TRUE</SyncOnce><MetaID>{036F6D43-F1BA-4171-ACF7-83229F40CBA6}</MetaID><DataProperties><lineage><Process ToolSource="C:\Program Files (x86)\ArcGIS\ArcToolbox\Toolboxes\Data Management Tools.tbx\DeleteField" Date="20110328" Time="152541">DeleteField preds ripURBAN;ripWATER;ripMINE preds</Process><Process ToolSource="C:\Program Files (x86)\ArcGIS\ArcToolbox\Toolboxes\Data Management Tools.tbx\DeleteField" Date="20110328" Time="153152">DeleteField preds ANGLEcat;air_min;upDist;h2oAreaKm2;h2oMINE;h2oGrazKm2 preds</Process><Process ToolSource="C:\Program Files (x86)\ArcGIS\ArcToolbox\Toolboxes\Data Management Tools.tbx\DeleteField" Date="20110328" Time="153259">DeleteField preds h2oAG;h2oWATER;locID;NEAR_ANGLE;NEAR_DIST;NEAR_FID;NEAR_X;NEAR_Y;netID;pid;ratio;rid;ripAG;ripMINE;ripWATER preds</Process><Process ToolSource="C:\Program Files (x86)\ArcGIS\ArcToolbox\Toolboxes\Data Management Tools.tbx\DeleteField" Date="20110328" Time="153332">DeleteField preds afvArea;Date_cat preds</Process><Process ToolSource="c:\program files\arcgis\desktop10.2\ArcToolbox\Toolboxes\Analysis Tools.tbx\Near" Date="20140317" Time="181031">Near C:\spmodels\example\preds.shp C:\spmodels\work\lsn\lsn.mdb\edges "1 Unknown" LOCATION ANGLE</Process></lineage></DataProperties></Esri><idinfo><citation><citeinfo><onlink Sync="TRUE">\\MIS-EPETERS-ND\D$\example\preds</onlink></citeinfo></citation></idinfo><distInfo><distributor><distorTran><onLineSrc><linkage Sync="TRUE">file://\\MIS-EPETERS-ND\D$\example\preds</linkage><protocol Sync="TRUE">Local Area Network</protocol></onLineSrc></distorTran></distributor></distInfo><dataqual><lineage><procstep><procdesc Sync="TRUE">Dataset copied.</procdesc><srcused Sync="TRUE">D:\example_all\preds</srcused><procdate Sync="TRUE">20110314</procdate><proctime Sync="TRUE">16310900</proctime></procstep></lineage></dataqual></metadata>
