<?xml version="1.0"?>
<!--<!DOCTYPE metadata SYSTEM "http://www.esri.com/metadata/esriprof80.dtd">-->
<metadata xml:lang="en"><Esri><CreaDate>20110314</CreaDate><CreaTime>16310900</CreaTime><SyncOnce>TRUE</SyncOnce><MetaID>{B5AA30C9-A2AC-45DC-80E1-51EED82A9708}</MetaID><DataProperties><lineage><Process ToolSource="C:\Program Files (x86)\ArcGIS\ArcToolbox\Toolboxes\Data Management Tools.tbx\DeleteField" Date="20110328" Time="151615">DeleteField sites pH;DO;Turb;air_min;ANGLEcat sites</Process><Process ToolSource="C:\Program Files (x86)\ArcGIS\ArcToolbox\Toolboxes\Data Management Tools.tbx\DeleteField" Date="20110328" Time="152828">DeleteField sites NEAR_ANGLE;NEAR_DIST;NEAR_FID;NEAR_X;NEAR_Y sites</Process><Process ToolSource="c:\program files\arcgis\desktop10.2\ArcToolbox\Toolboxes\Data Management Tools.tbx\CalculateField" Date="20140317" Time="175917">CalculateField sites SiteCode 77 VB #</Process><Process ToolSource="c:\program files\arcgis\desktop10.2\ArcToolbox\Toolboxes\Analysis Tools.tbx\Near" Date="20140317" Time="180518">Near C:\spmodels\example\sites.shp C:\spmodels\work\lsn\lsn.mdb\edges "1 Unknown" LOCATION ANGLE</Process></lineage></DataProperties></Esri><idinfo><citation><citeinfo><onlink Sync="TRUE">\\MIS-EPETERS-ND\D$\example\sites</onlink></citeinfo></citation></idinfo><distInfo><distributor><distorTran><onLineSrc><linkage Sync="TRUE">file://\\MIS-EPETERS-ND\D$\example\sites</linkage><protocol Sync="TRUE">Local Area Network</protocol></onLineSrc></distorTran></distributor></distInfo><dataqual><lineage><procstep><procdesc Sync="TRUE">Dataset copied.</procdesc><srcused Sync="TRUE">D:\example_all\sites</srcused><procdate Sync="TRUE">20110314</procdate><proctime Sync="TRUE">16310900</proctime></procstep></lineage></dataqual></metadata>
