<?xml version="1.0"?>
<!--<!DOCTYPE metadata SYSTEM "http://www.esri.com/metadata/esriprof80.dtd">-->
<metadata xml:lang="en"><Esri><CreaDate>20110314</CreaDate><CreaTime>16313400</CreaTime><SyncOnce>TRUE</SyncOnce><MetaID>{38495948-16CC-46B9-929F-EC1AAD1C770C}</MetaID></Esri><idinfo><citation><citeinfo><onlink Sync="TRUE">\\MIS-EPETERS-ND\D$\example\streams</onlink></citeinfo></citation></idinfo><distInfo><distributor><distorTran><onLineSrc><linkage Sync="TRUE">file://\\MIS-EPETERS-ND\D$\example\streams</linkage><protocol Sync="TRUE">Local Area Network</protocol></onLineSrc></distorTran></distributor></distInfo><dataqual><lineage><procstep><procdesc Sync="TRUE">Dataset copied.</procdesc><srcused Sync="TRUE">D:\example_all\streams</srcused><procdate Sync="TRUE">20110314</procdate><proctime Sync="TRUE">16313400</proctime></procstep></lineage></dataqual></metadata>
