<?xml version="1.0"?>
<!--<!DOCTYPE metadata SYSTEM "http://www.esri.com/metadata/esriprof80.dtd">-->
<metadata xml:lang="en"><Esri><MetaID>{32F29C4C-9514-4713-8735-AAB6736241DB}</MetaID><CreaDate>20130408</CreaDate><CreaTime>16125700</CreaTime><SyncOnce>TRUE</SyncOnce><DataProperties><lineage><Process ToolSource="C:\Program Files (x86)\ArcGIS\ArcToolbox\Toolboxes\Spatial Analyst Tools.tbx\FlowDirection" Date="20130408" Time="161257">FlowDirection demfill D:\temp\datasets\gisdata\flowdir NORMAL #</Process></lineage></DataProperties></Esri></metadata>
