<?xml version="1.0"?>
<!--<!DOCTYPE metadata SYSTEM "http://www.esri.com/metadata/esriprof80.dtd">-->
<metadata xml:lang="en"><Esri><MetaID>{0FF44BA6-3EC8-4250-A5E3-6122D22A00CE}</MetaID><CreaDate>20110313</CreaDate><CreaTime>09070900</CreaTime><SyncOnce>TRUE</SyncOnce><DataProperties><lineage><Process ToolSource="C:\Program Files (x86)\ArcGIS\ArcToolbox\Toolboxes\Spatial Analyst Tools.tbx\Fill" Date="20110313" Time="090709">Fill demburn5 D:\example\demfill #</Process></lineage></DataProperties></Esri></metadata>
