<?xml version="1.0"?>
<!--<!DOCTYPE metadata SYSTEM "http://www.esri.com/metadata/esriprof80.dtd">-->
<metadata xml:lang="en"><Esri><CreaDate>20110314</CreaDate><CreaTime>16310900</CreaTime><SyncOnce>TRUE</SyncOnce><MetaID>{036F6D43-F1BA-4171-ACF7-83229F40CBA6}</MetaID></Esri><idinfo><citation><citeinfo><onlink Sync="TRUE">\\MIS-EPETERS-ND\D$\example\preds</onlink></citeinfo></citation></idinfo><distInfo><distributor><distorTran><onLineSrc><linkage Sync="TRUE">file://\\MIS-EPETERS-ND\D$\example\preds</linkage><protocol Sync="TRUE">Local Area Network</protocol></onLineSrc></distorTran></distributor></distInfo><dataqual><lineage><procstep><procdesc Sync="TRUE">Dataset copied.</procdesc><srcused Sync="TRUE">D:\example_all\preds</srcused><procdate Sync="TRUE">20110314</procdate><proctime Sync="TRUE">16310900</proctime></procstep></lineage></dataqual></metadata>
