<?xml version="1.0"?>
<!--<!DOCTYPE metadata SYSTEM "http://www.esri.com/metadata/esriprof80.dtd">-->
<metadata xml:lang="en"><Esri><CreaDate>20110314</CreaDate><CreaTime>16310900</CreaTime><SyncOnce>TRUE</SyncOnce><MetaID>{B5AA30C9-A2AC-45DC-80E1-51EED82A9708}</MetaID></Esri><idinfo><citation><citeinfo><onlink Sync="TRUE">\\MIS-EPETERS-ND\D$\example\sites</onlink></citeinfo></citation></idinfo><distInfo><distributor><distorTran><onLineSrc><linkage Sync="TRUE">file://\\MIS-EPETERS-ND\D$\example\sites</linkage><protocol Sync="TRUE">Local Area Network</protocol></onLineSrc></distorTran></distributor></distInfo><dataqual><lineage><procstep><procdesc Sync="TRUE">Dataset copied.</procdesc><srcused Sync="TRUE">D:\example_all\sites</srcused><procdate Sync="TRUE">20110314</procdate><proctime Sync="TRUE">16310900</proctime></procstep></lineage></dataqual></metadata>
