<?xml version="1.0"?>
<!--<!DOCTYPE metadata SYSTEM "http://www.esri.com/metadata/esriprof80.dtd">-->
<metadata xml:lang="en"><Esri><MetaID>{7BA7A26F-573F-45AC-812C-9480CD31B764}</MetaID><CreaDate>20101111</CreaDate><CreaTime>18160400</CreaTime><SyncOnce>TRUE</SyncOnce><DataProperties><lineage><Process ToolSource="C:\Program Files (x86)\ArcGIS\ArcToolbox\Toolboxes\Spatial Analyst Tools.tbx\Reclassify" Date="20101111" Time="181604">Reclassify lugrid VALUE "10 NODATA;20 1;30 110 NODATA" D:\example\grazing DATA</Process></lineage></DataProperties></Esri></metadata>
